Name,Rank,Location,Points
carp2,1001.0,"Houston, Texas",6012375
humphryd,1002.0,"Calgary, Alberta",6011220
AlanD,1003.0,"Chicago, Illinois",6010075
krell58,1004.0,Missouri,6009170
lou17,1005.0,"Rochester, New York",6008860
muggs16,1006.0,"Toronto, Ontario",6007900
GrandBlanc,1007.0,Michigan,6007710
FranklinGasGuy,1008.0,"Nashville, Tennessee",6006640
mike52,1009.0,Wisconsin,6006200
mk0532,1010.0,Kansas,6005540
pzini,1011.0,New Jersey,6004940
sit,1012.0,"Cleveland, Ohio",6004935
Teddy95,1013.0,"Dayton, Ohio",6003800
JWTH531,1014.0,Connecticut,6001570
Rigme,1015.0,Saskatchewan,6000685
alp,1016.0,"Portland, Oregon",6000525
UncleBill,1017.0,"Winnipeg, Manitoba",6000015
FlyNFool,1018.0,South Carolina,5997295
bruce725,1019.0,Florida,5996815
kool_rider,1020.0,"Calgary, Alberta",5996705
dragon65,1021.0,"Chicago, Illinois",5995610
aka,1022.0,Arizona,5994270
dupont941,1023.0,Florida,5993390
Garryhead,1024.0,"Nashville, Tennessee",5993295
Ferrari_1,1025.0,"London, Ontario",5993060
TOPitOFF,1026.0,New Hampshire,5992945
Gas Slave,1027.0,"Cincinnati, Ohio",5990305
Wizrd03,1028.0,Illinois,5989685
ItsMorph,1029.0,"Grand Rapids, Michigan",5988500
jb47,1030.0,"Shreveport, Louisiana",5987035
lion54,1031.0,South Carolina,5986570
MeterShock,1032.0,"London, Ontario",5986280
Nflooring17,1033.0,"Charlotte, North Carolina",5986250
Jarol,1034.0,Iowa,5985490
PhilMay,1035.0,"Detroit, Michigan",5979575
LexusLS400,1036.0,"Orange County, California",5978915
perspicacity,1037.0,"Oklahoma City, Oklahoma",5977015
outridin,1038.0,Illinois,5976710
DrNot,1039.0,Mississippi,5974185
Biogen,1040.0,"Ventura, California",5972945
Thor51,1041.0,"London, Ontario",5971765
nurdco,1042.0,"Colorado Springs, Colorado",5971570
heocon,1043.0,Hawaii,5971100
larrypm,1044.0,Newfoundland,5970955
bayamon,1045.0,"Orlando, Florida",5970115
MarMacMal,1046.0,"St. Louis, Missouri",5969575
my2002m,1047.0,"Tulsa, Oklahoma",5969465
papou,1048.0,"Tampa, Florida",5968830
gmcgas,1049.0,"Atlanta, Georgia",5968225
vikens,1050.0,"Twin Cities, Minnesota",5967950
soesbandit,1051.0,"Orlando, Florida",5967200
TakeItEasy,1052.0,"San Jose, California",5966950
ink62,1053.0,"Chicago, Illinois",5966195
Nuthouse,1054.0,Illinois,5965645
gasaddik,1055.0,"Wichita, Kansas",5964280
GAS1251,1056.0,Texas,5957880
montana920,1057.0,"Chicago, Illinois",5957515
Gas Cat,1058.0,"Tampa, Florida",5957295
Solly93,1059.0,"Raleigh, North Carolina",5954620
NASH,1060.0,"Edmonton, Alberta",5952510
jimnkelli,1061.0,"St. Louis, Missouri",5951085
bearone2,1062.0,"Phoenix, Arizona",5949545
Dennisjk,1063.0,"Detroit, Michigan",5948415
trevv,1064.0,"Evansville, Indiana",5948350
H82Bgouged,1065.0,Indiana,5946815
honda0105,1066.0,"Tallahassee, Florida",5946215
a351c,1067.0,Mississippi,5946160
OPTIMZD,1068.0,"San Diego, California",5946005
allanm,1069.0,"Virginia Beach, Virginia",5943095
radcaz,1070.0,"Houston, Texas",5941965
shoozoo,1071.0,"Orange County, California",5941155
380SE,1072.0,"Fort Worth, Texas",5939235
OHMS,1073.0,"Orange County, California",5938520
SilverFoxHMT,1074.0,"San Diego, California",5938400
WVUtailgater,1075.0,"Cleveland, Ohio",5937895
30mpg80,1076.0,"Lexington, Kentucky",5936795
Sub98,1077.0,"Toledo, Ohio",5935940
Martin62,1078.0,"Calgary, Alberta",5935855
jayrad1957,1079.0,"Los Angeles, California",5931690
kraby1,1080.0,"New Haven, Connecticut",5931165
MACEPAK,1081.0,"Omaha, Nebraska",5930075
ronnie13,1082.0,"Kansas City, Missouri",5928940
smol01,1083.0,"Columbus, Ohio",5928205
dnelson989,1084.0,Washington,5927075
PurpleRiver,1085.0,"Denver, Colorado",5925990
gixxerman35,1086.0,"Las Vegas, Nevada",5922935
madison8359,1087.0,"Cleveland, Ohio",5922930
therder,1088.0,"Lexington, Kentucky",5922670
cjs,1089.0,"Oklahoma City, Oklahoma",5921290
BSpeedIII,1090.0,"Tulsa, Oklahoma",5919095
Xpoint,1091.0,Idaho,5916925
tramguy,1092.0,"Toronto, Ontario",5916845
Raudy,1093.0,"Riverside, California",5910975
Geo4564,1094.0,Nevada,5910120
1smudge,1095.0,"Columbus, Ohio",5909970
ww2gas,1096.0,Virginia,5909560
KaliforniaKid,1097.0,California,5909200
OldMalibu,1098.0,Utah,5907760
badguzzler,1099.0,Virginia,5907610
planeplane,1100.0,Tennessee,5906375
jason54915,1101.0,"Appleton, Wisconsin",5905120
gerreg,1102.0,Nebraska,5902120
rspiano,1103.0,"Tucson, Arizona",5899580
OldMan322,1104.0,Illinois,5898920
LoonAToon,1105.0,New Hampshire,5898765
eggcircuit,1106.0,"New York City, New York",5896365
JPEight,1107.0,"Nashville, Tennessee",5896165
kimo31,1108.0,"Orange County, California",5895750
Wiggly,1109.0,Tennessee,5895655
TH34,1110.0,"Baltimore, Maryland",5895300
bad_sailor,1111.0,"London, Ontario",5894445
fortysixdays,1112.0,"Houston, Texas",5891750
rb1313,1113.0,"Knoxville, Tennessee",5889250
ClwFL,1114.0,"Tampa, Florida",5888160
MauiTX,1115.0,"Fort Worth, Texas",5887500
Hawg47,1116.0,Arkansas,5886830
Mightworkforgas,1117.0,"Milwaukee, Wisconsin",5885980
Dale Jr.,1118.0,Illinois,5885500
AJKPA,1119.0,Pennsylvania,5884580
rebelrocker,1120.0,"Milwaukee, Wisconsin",5883615
BluebirdCA,1121.0,California,5882450
soca,1122.0,"Toronto, Ontario",5879885
claylemon,1123.0,Arkansas,5879285
FedUpCA,1124.0,"Ventura, California",5878885
alphascan,1125.0,Minnesota,5878200
jberg29,1126.0,"Twin Cities, Minnesota",5876920
HEBster,1127.0,Kentucky,5876465
QuickPicker,1128.0,"Philadelphia, Pennsylvania",5875535
Grizzly1505,1129.0,North Carolina,5873695
Loree71,1130.0,"San Bernardino, California",5873010
gabbygusIN,1131.0,Indiana,5872650
spyder3m,1132.0,Florida,5870740
Metro50,1133.0,"Grand Rapids, Michigan",5869260
Pi314CA,1134.0,"San Jose, California",5868500
Civic90,1135.0,"Vancouver, British Columbia",5866055
GC4444,1136.0,West Virginia,5864645
Mobiusag,1137.0,British Columbia,5864635
Ramaniac,1138.0,"St. Louis, Missouri",5864040
AmarilloAlan,1139.0,"Amarillo, Texas",5862920
ozarkpapa,1140.0,"Pensacola, Florida",5862505
joskenn,1141.0,"Albuquerque, New Mexico",5860475
spike1zz,1142.0,Indiana,5860320
TxGasRat,1143.0,"Houston, Texas",5860220
BigdaddyWI,1144.0,"Milwaukee, Wisconsin",5860120
KingBiscuit,1145.0,"Raleigh, North Carolina",5858205
HarrisonL,1146.0,"Charleston, West Virginia",5855380
hittner,1147.0,"Allentown, Pennsylvania",5854675
erod13,1148.0,"Tallahassee, Florida",5853185
doncNJ,1149.0,New Jersey,5851320
billbearAL,1150.0,"Montgomery, Alabama",5849255
bigmacatac,1151.0,"St. Louis, Missouri",5849140
airchair,1152.0,"Portland, Oregon",5848945
dirt girl,1153.0,"Twin Cities, Minnesota",5848200
hvgasboy,1154.0,New York,5847010
Rhiannon,1155.0,"Milwaukee, Wisconsin",5845810
Lorimar,1156.0,Iowa,5842945
Jocko,1157.0,"Spokane, Washington",5842820
TheSicilian,1158.0,"Jacksonville, Florida",5842370
LexieKY,1159.0,"Lexington, Kentucky",5842330
Sasquatch2005,1160.0,British Columbia,5841550
HankJ,1161.0,"Montgomery, Alabama",5840580
ag9495,1162.0,"Houston, Texas",5840475
Goaljudge,1163.0,Kentucky,5840090
Local39701,1164.0,Mississippi,5838155
DrDX,1165.0,Connecticut,5837600
fill-her-up,1166.0,Ontario,5836565
fatboy97,1167.0,"Twin Cities, Minnesota",5834575
mh44s,1168.0,"Madison, Wisconsin",5833140
Jbws68,1169.0,Illinois,5832270
mrjames1818,1170.0,New Jersey,5829395
retailman,1171.0,"Long Island, New York",5829340
scshute,1172.0,"Kansas City, Missouri",5827425
AKmailman,1173.0,Alaska,5825770
Surveyguy,1174.0,Texas,5824900
tbucks,1175.0,"Springfield, Massachusetts",5824300
Hugo40,1176.0,Kentucky,5824060
rschmetzer,1177.0,"Tallahassee, Florida",5823435
trapper9,1178.0,Georgia,5823000
JRF,1179.0,"Columbus, Ohio",5820395
thirstyauto,1180.0,"Milwaukee, Wisconsin",5818670
Skipper52,1181.0,Massachusetts,5817900
SUVFan,1182.0,"Columbus, Ohio",5817705
fightbigoil71,1183.0,"Milwaukee, Wisconsin",5816525
tmstowe,1184.0,Utah,5814395
carnutt,1185.0,"Phoenix, Arizona",5813330
crocstoy,1186.0,Ontario,5810525
Disnydad,1187.0,"Albany, New York",5810385
spy54904,1188.0,Wisconsin,5809665
sjlevine,1189.0,"Oklahoma City, Oklahoma",5809430
Steady325,1190.0,"Orange County, California",5804564
SubaRick,1191.0,"Austin, Texas",5804250
resintech,1192.0,Iowa,5803990
biza4u,1193.0,"New Haven, Connecticut",5803665
ncc4950,1194.0,"Greensboro, North Carolina",5803645
BLKSILVER,1195.0,"Indianapolis, Indiana",5803000
TLyleJeep,1196.0,Wyoming,5802600
camel1,1197.0,Minnesota,5802590
Fish167,1198.0,North Carolina,5802415
MDTDriver,1199.0,California,5802140
b899,1200.0,Connecticut,5802015
SCB1970,1201.0,"Salt Lake City, Utah",5801950
Bud122CA,1202.0,California,5801420
Bigboy1942,1203.0,"Louisville, Kentucky",5801245
Davescold,1204.0,"Dallas, Texas",5800055
Hitnmiss,1205.0,Iowa,5800025
SulleysPhone,1206.0,"Fort Worth, Texas",5798475
attitash,1207.0,Ontario,5796185
Gassed-up,1208.0,"Toronto, Ontario",5796065
runinoutagas,1209.0,"San Bernardino, California",5794850
wishywashy,1210.0,"Omaha, Nebraska",5793920
Rouxd,1211.0,"Little Rock, Arkansas",5792640
Benzilla,1212.0,"Tampa, Florida",5791965
boanerges,1213.0,"Los Angeles, California",5791355
nima,1214.0,Virginia,5791040
RUNNLATE,1215.0,Hawaii,5790310
fratt,1216.0,"Grand Rapids, Michigan",5788135
muduck,1217.0,"San Diego, California",5787940
goober1,1218.0,"Atlanta, Georgia",5786650
linament,1219.0,"Ventura, California",5785740
Bright_Scouter,1220.0,"Grand Rapids, Michigan",5785450
firepower,1221.0,"Tucson, Arizona",5780780
MARIOWERX,1222.0,"Vancouver, British Columbia",5780365
thejackbox,1223.0,"Phoenix, Arizona",5780225
C4U,1224.0,"Salt Lake City, Utah",5780085
pstrom,1225.0,"Dallas, Texas",5779890
Handiman,1226.0,Saskatchewan,5779725
CRAZY DUDE,1227.0,"Winnipeg, Manitoba",5779575
DLu3,1228.0,"Philadelphia, Pennsylvania",5779350
Martinman,1229.0,Mississippi,5778090
RadarRunner,1230.0,Oklahoma,5777425
Scubamal,1231.0,"Riverside, California",5777240
twinbuick,1232.0,"Fort Worth, Texas",5776590
Einstein47,1233.0,Utah,5775013
serrog,1234.0,Nova Scotia,5773815
RayJayT,1235.0,Mississippi,5769505
hwmillerster,1236.0,Missouri,5769270
eaglesw1ngs,1237.0,"Cincinnati, Ohio",5769165
skybiker,1238.0,South Carolina,5767370
Uconn,1239.0,Connecticut,5766825
Bubba14,1240.0,"Charleston, West Virginia",5764845
JohnLev,1241.0,"Orange County, California",5764140
rippinusoff,1242.0,"Lexington, Kentucky",5764130
gobucks113,1243.0,"Columbus, Ohio",5763755
blake2,1244.0,"Hamilton, Ontario",5762090
XSKYCOP,1245.0,"Indianapolis, Indiana",5761510
cigarman409,1246.0,Massachusetts,5761365
F16220,1247.0,Florida,5760860
voyager41,1248.0,"Las Vegas, Nevada",5759935
pyndasky,1249.0,Maryland,5759855
BGJam,1250.0,"Twin Cities, Minnesota",5759360
PelicansFan,1251.0,"Pensacola, Florida",5756905
mrkel,1252.0,"Cincinnati, Ohio",5755415
WonderfulMI,1253.0,Michigan,5752350
daken,1254.0,"Harrisburg, Pennsylvania",5749052
Tegger,1255.0,Ontario,5748390
vic004,1256.0,"Worcester, Massachusetts",5747135
GryphonJax,1257.0,"Jacksonville, Florida",5745372
55Russ,1258.0,"Cleveland, Ohio",5745105
GasMiserAZ,1259.0,"Phoenix, Arizona",5744285
DADDYDOG,1260.0,"Indianapolis, Indiana",5742500
rheckber,1261.0,Massachusetts,5741120
NightMagic,1262.0,"Cincinnati, Ohio",5740260
clement007,1263.0,"Cleveland, Ohio",5738570
sydb7,1264.0,"Atlanta, Georgia",5738115
DaveFic,1265.0,"Phoenix, Arizona",5737160
FocusGuy,1266.0,"Seattle, Washington",5736120
gas_too_high,1267.0,"Columbus, Ohio",5735365
malal,1268.0,Pennsylvania,5735135
MichaelValorie,1269.0,"Oklahoma City, Oklahoma",5733555
nb52,1270.0,"Grand Rapids, Michigan",5732490
Car_Lover,1271.0,"Lancaster, Pennsylvania",5732030
Cheney,1272.0,"Toronto, Ontario",5731615
Silverdog1,1273.0,British Columbia,5731020
AnObserver,1274.0,New Jersey,5730290
GoBuckeyes,1275.0,"San Bernardino, California",5729660
WFPacker,1276.0,North Dakota,5729125
SJS,1277.0,"Los Angeles, California",5727555
johnmori,1278.0,Alabama,5727495
firedudette,1279.0,"St. Louis, Missouri",5725175
Bubba52,1280.0,"Quad Cities, Iowa",5724870
Old_Trekee,1281.0,Ohio,5724565
scrounger,1282.0,"Vancouver, British Columbia",5724145
69mustang,1283.0,Minnesota,5722085
rrbruinfan,1284.0,"Austin, Texas",5721625
sophiedog,1285.0,"Ventura, California",5720485
ERROLTY,1286.0,"Austin, Texas",5720370
RogerB,1287.0,"Indianapolis, Indiana",5719450
wsherwood,1288.0,"Miami, Florida",5719090
ebaugh,1289.0,"Atlanta, Georgia",5717295
zaq001,1290.0,"Atlanta, Georgia",5716985
SusieQGA,1291.0,Georgia,5713585
scdriven,1292.0,"Columbia, South Carolina",5712945
Oredigger94,1293.0,"Dayton, Ohio",5712515
X Wolf,1294.0,Ontario,5712155
Montie,1295.0,"Charleston, West Virginia",5711900
webwzrd,1296.0,"Cleveland, Ohio",5711505
Geo1002,1297.0,"Twin Cities, Minnesota",5711365
VREP,1298.0,Vermont,5711310
01876,1299.0,"Boston, Massachusetts",5711135
WillCody,1300.0,"Austin, Texas",5708275
lambs100,1301.0,"Toronto, Ontario",5707210
CDUBYA,1302.0,Ohio,5705265
LanguageMan1,1303.0,"Tampa, Florida",5703840
Joisygal,1304.0,New Jersey,5703770
TinyTownAB,1305.0,Alberta,5703615
bevner,1306.0,"St. Louis, Missouri",5702725
PetrolMizer04,1307.0,"Toronto, Ontario",5701040
Zonk,1308.0,Michigan,5699150
Asbury09,1309.0,Iowa,5695805
njerald,1310.0,"Seattle, Washington",5695675
Goody15,1311.0,"Cleveland, Ohio",5694585
mrpc90,1312.0,Illinois,5694360
travelless,1313.0,South Carolina,5692500
DarTil,1314.0,"Little Rock, Arkansas",5691650
mongocat,1315.0,"Rochester, New York",5687305
ByGuy,1316.0,"Dallas, Texas",5687260
gassyjack,1317.0,"Twin Cities, Minnesota",5686660
abuck,1318.0,"Pittsburgh, Pennsylvania",5685535
Gumbie,1319.0,"Gary, Indiana",5685005
investmentdr,1320.0,"Cleveland, Ohio",5684650
FastAndy,1321.0,"Indianapolis, Indiana",5683630
BuildersService,1322.0,"Oakland, California",5682735
clipperskipper,1323.0,Florida,5682540
dirvesalot,1324.0,"Oklahoma City, Oklahoma",5681100
Bellegueule,1325.0,"Montreal, Quebec",5679390
craigsf38,1326.0,"Rochester, New York",5676780
twomikea,1327.0,"Fort Worth, Texas",5676745
Blubberpuppy,1328.0,"Baltimore, Maryland",5676480
Oregonio,1329.0,Oregon,5676400
yankeeboy7,1330.0,Louisiana,5675750
FuelPump,1331.0,"Los Angeles, California",5675550
chaohwa,1332.0,"Miami, Florida",5673025
Harleythenut,1333.0,"Calgary, Alberta",5670785
JeeperTX,1334.0,"Dallas, Texas",5669605
iceman666,1335.0,"Atlanta, Georgia",5668560
hvn4me,1336.0,"Virginia Beach, Virginia",5668130
RENEGADEGAS,1337.0,Missouri,5667935
MajorSteve,1338.0,"Oklahoma City, Oklahoma",5665070
coachjc,1339.0,"Cincinnati, Ohio",5663725
andyboy2,1340.0,New Jersey,5660670
WIPACKERFAN,1341.0,"Chicago, Illinois",5660630
firstdownguy,1342.0,South Dakota,5660050
LeftLane1,1343.0,Georgia,5655765
I5Don,1344.0,California,5655740
xiii,1345.0,"Chicago, Illinois",5649980
walleyeking,1346.0,Michigan,5647905
daequitz,1347.0,New Jersey,5647425
StArrow68,1348.0,"Oakland, California",5646450
bronco691,1349.0,Ohio,5642980
jmdeng,1350.0,"San Jose, California",5641135
PA_VDub_Nut,1351.0,"Reading, Pennsylvania",5641110
Buick86,1352.0,Virginia,5636785
NavyStore,1353.0,"Seattle, Washington",5636670
asa52,1354.0,"Seattle, Washington",5635950
LoneStarFX,1355.0,"Austin, Texas",5635150
TINYe,1356.0,"Oklahoma City, Oklahoma",5634575
Heltonw,1357.0,Montana,5634555
OrangeCratePA,1358.0,"Myrtle Beach, South Carolina",5633090
dakirw,1359.0,"San Jose, California",5632015
lcs1,1360.0,New Jersey,5627805
Roysilver,1361.0,"Orange County, California",5625095
highdesertman,1362.0,"Albuquerque, New Mexico",5624460
Dweebs,1363.0,Ontario,5623425
CrackedLCD,1364.0,Alabama,5621105
91Acclaim,1365.0,Maryland,5619595
mtglass,1366.0,"Albany, New York",5618915
afghaned,1367.0,"Ottawa, Ontario",5618910
RWPTraveller,1368.0,Virginia,5617960
mudflap1,1369.0,"Virginia Beach, Virginia",5617645
wbacon,1370.0,"Philadelphia, Pennsylvania",5616955
jerryb77,1371.0,Tennessee,5616875
zeeba41,1372.0,"Chicago, Illinois",5616320
egleye,1373.0,New Hampshire,5615765
Amtrgas,1374.0,"Oakland, California",5615675
TheMOX,1375.0,"Indianapolis, Indiana",5615575
Pingputter,1376.0,"Louisville, Kentucky",5614185
scuffy,1377.0,Florida,5613035
Sneakers55,1378.0,"Houston, Texas",5612240
xCop,1379.0,"Dayton, Ohio",5606920
Fuel_Angel,1380.0,Ontario,5605710
mdotson,1381.0,"Grand Rapids, Michigan",5603075
Zepo,1382.0,"Columbus, Ohio",5601935
Jcisco,1383.0,"Fort Worth, Texas",5600875
lgwhitlock,1384.0,"Chico, California",5599225
crgator,1385.0,Florida,5598550
windowdude49301,1386.0,"Grand Rapids, Michigan",5597952
medic297,1387.0,Oregon,5597485
sjambok,1388.0,"Nashville, Tennessee",5597085
RWK777,1389.0,"Kitchener-Waterloo, Ontario",5595310
WantLowLowLow,1390.0,"Dallas, Texas",5593970
BigDogOH,1391.0,"Cincinnati, Ohio",5590410
PontiacLover,1392.0,"Victoria, British Columbia",5585990
bikechuck,1393.0,"Indianapolis, Indiana",5585825
comprof,1394.0,"Houston, Texas",5584165
Moosie,1395.0,New Hampshire,5582785
Instructor,1396.0,"Toronto, Ontario",5582075
CYSWXMAN,1397.0,Wyoming,5581830
Nicoalbum,1398.0,"Ottawa, Ontario",5580974
Peeka,1399.0,"El Paso, Texas",5580660
BAAAA,1400.0,"St. Louis, Missouri",5578850
MJH1164,1401.0,"Albany, New York",5575895
CFD29,1402.0,Arkansas,5575635
liao,1403.0,"Montreal, Quebec",5575585
Nittfo,1404.0,Massachusetts,5575215
svcmaster,1405.0,Virginia,5573900
933mustang,1406.0,Florida,5573835
HRRUS,1407.0,"Phoenix, Arizona",5573290
cloud23465,1408.0,"Virginia Beach, Virginia",5566780
gymyster,1409.0,Michigan,5564980
Miles A Day,1410.0,"Greenville, South Carolina",5563200
anacondass,1411.0,"New Orleans, Louisiana",5562380
arinkrat17,1412.0,"Twin Cities, Minnesota",5561580
cdnt48,1413.0,Minnesota,5561265
AH112,1414.0,Ohio,5560430
remecuda,1415.0,Alberta,5559020
Gpa09,1416.0,Indiana,5557710
sadeline,1417.0,"Durham, North Carolina",5555905
JoeDriver,1418.0,Colorado,5555830
henryjunk,1419.0,Washington,5554120
YUMSBPA,1420.0,Arizona,5553575
DeHavilland,1421.0,"Toronto, Ontario",5548620
Qwik442,1422.0,"San Antonio, Texas",5548360
Dorkchop,1423.0,Maryland,5546690
Nozzel,1424.0,Ontario,5544250
TC2007,1425.0,"Miami, Florida",5543710
save$$$,1426.0,Colorado,5543215
wazoo,1427.0,"Twin Cities, Minnesota",5542945
wing-nut,1428.0,Oregon,5542270
PirateFan,1429.0,Virginia,5539855
tomfromnm,1430.0,New Mexico,5536410
DealHunter,1431.0,"Los Angeles, California",5535620
wrp41,1432.0,"Chicago, Illinois",5535145
Phynque,1433.0,Wisconsin,5534310
t-w,1434.0,"Denver, Colorado",5534245
HeavyDuty_cache,1435.0,"Omaha, Nebraska",5534165
gesgto,1436.0,"Milwaukee, Wisconsin",5533300
XpertDrvr,1437.0,New Hampshire,5530135
Blubird,1438.0,"Tampa, Florida",5529715
grantel3707,1439.0,"Allentown, Pennsylvania",5528375
SHEP20715,1440.0,Maryland,5527215
John25,1441.0,Washington DC,5526335
KMAL,1442.0,Missouri,5525965
acrider54,1443.0,British Columbia,5525010
redjeep06,1444.0,"Raleigh, North Carolina",5524665
daw49,1445.0,"Chicago, Illinois",5523865
Saturn1,1446.0,"Akron, Ohio",5523765
baitmn,1447.0,"New Orleans, Louisiana",5522050
YodaON,1448.0,"Ottawa, Ontario",5521295
grandma5,1449.0,Illinois,5520970
ZZZoop,1450.0,Virginia,5520835
BigKidCar,1451.0,"Oakland, California",5519425
CAroadrunner101,1452.0,California,5517125
regasaz,1453.0,"Phoenix, Arizona",5515664
nimpy,1454.0,"Indianapolis, Indiana",5515375
EC73,1455.0,"Worcester, Massachusetts",5515275
cbramsey5318,1456.0,"Spartanburg, South Carolina",5514930
kathybye,1457.0,"Phoenix, Arizona",5513130
UncleChuckles,1458.0,"Milwaukee, Wisconsin",5512750
Gasfighter08,1459.0,"Lincoln, Nebraska",5512635
kingdick,1460.0,Minnesota,5512615
tax-pro,1461.0,"Twin Cities, Minnesota",5512335
Rednix,1462.0,"Miami, Florida",5511660
jcrawford,1463.0,"Columbus, Ohio",5511490
dwp49423,1464.0,Michigan,5511065
yclookout,1465.0,"Sacramento, California",5507978
papajohn597,1466.0,"Dallas, Texas",5506955
Quick68,1467.0,"Columbus, Ohio",5505725
DTrainCanada,1468.0,"Saskatoon, Saskatchewan",5505600
Sarb,1469.0,"Calgary, Alberta",5504545
Signfool,1470.0,"Omaha, Nebraska",5504530
litv101,1471.0,"Houston, Texas",5504295
poppopmam,1472.0,Maine,5502115
AlpineDude,1473.0,"San Diego, California",5496535
antur,1474.0,"Chicago, Illinois",5495445
2Tall,1475.0,Maryland,5495265
yeehaw1073,1476.0,Indiana,5494880
FordF2502001,1477.0,Mississippi,5490390
snewbfire,1478.0,Indiana,5487552
cutter1330,1479.0,Oklahoma,5487375
mikeag88,1480.0,"Houston, Texas",5485695
E500,1481.0,"Toronto, Ontario",5485590
Mikeoids,1482.0,"Columbus, Ohio",5482860
steelblue,1483.0,Maryland,5482795
NaplesFL,1484.0,"Naples, Florida",5482050
Mariuxus,1485.0,"Chicago, Illinois",5480890
KayOhio,1486.0,Ohio,5479430
CardsFan,1487.0,"St. Louis, Missouri",5478640
buffaloski,1488.0,Indiana,5478190
NFKen,1489.0,Ontario,5478165
regulargas,1490.0,"Atlanta, Georgia",5477525
bolobill,1491.0,Michigan,5477375
BillHeatherL,1492.0,Alberta,5476945
Hunter114,1493.0,"Chicago, Illinois",5474735
mke60,1494.0,"Kansas City, Missouri",5474665
must87searcher,1495.0,Maryland,5473825
SLH,1496.0,Indiana,5473620
Chris46,1497.0,"Dayton, Ohio",5471390
TheBossFL,1498.0,Florida,5470430
HFAJR0034,1499.0,New Mexico,5467410
7933,1500.0,Georgia,5466175
DustyRanch,1501.0,"Dallas, Texas",5466055
CoolNHDude,1502.0,New Hampshire,5463270
Bill G.,1503.0,"Hartford, Connecticut",5462715
77SU,1504.0,Alabama,5462640
Inspector44,1505.0,"Hartford, Connecticut",5462470
MEgal48,1506.0,Georgia,5462345
unicornpmb,1507.0,"Buffalo, New York",5462320
tntrupp,1508.0,"Kansas City, Missouri",5458470
tunafisher,1509.0,Michigan,5458390
Prodaddy,1510.0,"Houston, Texas",5457365
brbaritone,1511.0,Virginia,5456025
MertieMan,1512.0,"Lexington, Kentucky",5454410
GaryBowles,1513.0,"Medford, Oregon",5453165
wrunner,1514.0,Virginia,5452800
gasandgoAL,1515.0,Alabama,5452745
enigma09,1516.0,"Dayton, Ohio",5452710
SquawBear,1517.0,"Fresno, California",5452325
northlight,1518.0,Saskatchewan,5450630
jes,1519.0,Pennsylvania,5449545
ice_berg67,1520.0,"Atlanta, Georgia",5448325
minnesotagirl,1521.0,"Milwaukee, Wisconsin",5447390
Mizzourahh,1522.0,Missouri,5444855
Jeffro61,1523.0,"Cleveland, Ohio",5443820
John7734,1524.0,Alberta,5441860
FXSpringer01,1525.0,"Cincinnati, Ohio",5441640
billy44bo,1526.0,"Mobile, Alabama",5440760
gasgo2009,1527.0,Idaho,5440580
kdparham,1528.0,New Jersey,5440345
Railratt,1529.0,"Kansas City, Missouri",5440300
johnsell,1530.0,"Portland, Oregon",5438095
Bill68Prius,1531.0,Maryland,5437365
sivart,1532.0,Arkansas,5435895
Gassy-Man,1533.0,"Chicago, Illinois",5435540
racerdj,1534.0,"Indianapolis, Indiana",5434000
goodoldjon,1535.0,"Allentown, Pennsylvania",5433940
Hydroid,1536.0,British Columbia,5433410
jm199,1537.0,"Pittsburgh, Pennsylvania",5433050
unclesnipe,1538.0,"Cincinnati, Ohio",5430205
Bus Jockey,1539.0,Tennessee,5429670
rollindirtyGA,1540.0,Georgia,5427630
CosmicP,1541.0,"Dallas, Texas",5426840
Carrot top,1542.0,Illinois,5425970
chasm,1543.0,"Oklahoma City, Oklahoma",5425275
FredFarkel,1544.0,Idaho,5425250
Tundralimited2009,1545.0,"Dallas, Texas",5424195
soutxed,1546.0,Texas,5423945
wz,1547.0,"Twin Cities, Minnesota",5423495
clicker,1548.0,"Toronto, Ontario",5422000
neemund,1549.0,"Seattle, Washington",5420565
Tonkatsu,1550.0,"Toronto, Ontario",5420375
zippylady,1551.0,"Toronto, Ontario",5419255
ThunderBird89,1552.0,"Columbus, Ohio",5418445
RjOaBmEeRsT,1553.0,Ohio,5418100
forteras,1554.0,Kentucky,5416940
OrangeChevelle,1555.0,"Oklahoma City, Oklahoma",5414485
Targetsmom,1556.0,British Columbia,5413405
GasXing,1557.0,"Grand Rapids, Michigan",5411640
LabsRUs,1558.0,New Mexico,5411455
V8power,1559.0,Pennsylvania,5410550
dynamouse,1560.0,Michigan,5410080
altonb1,1561.0,Pennsylvania,5409683
silverG,1562.0,New Jersey,5407235
geminijax,1563.0,"Jacksonville, Florida",5405380
LAKings,1564.0,"Orange County, California",5403920
raven10,1565.0,New Jersey,5402110
gatorfan502,1566.0,"Louisville, Kentucky",5402003
gasguzzlerguy,1567.0,Rhode Island,5400715
HawaiianGuy,1568.0,Idaho,5399225
FitchburgDude,1569.0,"Madison, Wisconsin",5399025
gasout,1570.0,"Omaha, Nebraska",5398575
arnerator,1571.0,New Mexico,5398525
msienkiewicz,1572.0,Maryland,5398491
IARidgeRunr,1573.0,"Quad Cities, Iowa",5398380
swrestler,1574.0,"Grand Rapids, Michigan",5396620
4warned,1575.0,Michigan,5394955
continental,1576.0,Connecticut,5393970
writertrc,1577.0,"Baton Rouge, Louisiana",5392565
dj,1578.0,"Calgary, Alberta",5392560
coupster,1579.0,"Rockford, Illinois",5392105
jcurley,1580.0,California,5391985
dental_man,1581.0,"San Diego, California",5391230
Tenntrains,1582.0,"Nashville, Tennessee",5389645
biggatorfan,1583.0,Florida,5388555
Miles26,1584.0,"Indianapolis, Indiana",5387670
fordfreak,1585.0,Washington,5384795
loujerb,1586.0,"Shreveport, Louisiana",5384500
radarman,1587.0,Florida,5384465
honkerman,1588.0,"San Jose, California",5382660
box driver,1589.0,New Hampshire,5380995
ECV2400,1590.0,Illinois,5380730
snappyray09,1591.0,Arkansas,5380705
theofficer,1592.0,Georgia,5380650
n0cf,1593.0,Iowa,5380215
GXPBonny,1594.0,Wisconsin,5379970
braves89,1595.0,"Chicago, Illinois",5375565
ChuckieT49,1596.0,"Scranton, Pennsylvania",5375485
GitchyGas,1597.0,"Tucson, Arizona",5375210
bluebird1,1598.0,"Toronto, Ontario",5373935
jimmie95,1599.0,"Milwaukee, Wisconsin",5373595
Szake,1600.0,"Chicago, Illinois",5372865
JagXKR,1601.0,British Columbia,5371060
red5529,1602.0,Alabama,5369320
dave12,1603.0,"Twin Cities, Minnesota",5368940
anonymous1,1604.0,"San Diego, California",5368375
goalie1950,1605.0,"Phoenix, Arizona",5368040
Claudie,1606.0,"Atlanta, Georgia",5367845
2004VHO,1607.0,Texas,5367645
knifeman9,1608.0,North Carolina,5365560
akbear90,1609.0,Maine,5365480
Diesel_Ram,1610.0,"Dallas, Texas",5364825
RHINO4,1611.0,"Dallas, Texas",5361470
malinda,1612.0,"Detroit, Michigan",5361395
OUI,1613.0,New Jersey,5360850
BigZ1959,1614.0,"Cincinnati, Ohio",5360520
AllGold,1615.0,"Lansing, Michigan",5359880
hlesser,1616.0,"Riverside, California",5359105
Notsogrn,1617.0,Michigan,5357935
JackInDaCrack,1618.0,"Tucson, Arizona",5356685
pags2,1619.0,New Jersey,5354925
Mr.Dirt,1620.0,"Albany, New York",5353625
Lengas,1621.0,"Gary, Indiana",5352150
Parrot,1622.0,"Phoenix, Arizona",5351600
VomVom,1623.0,"Calgary, Alberta",5347375
vamike,1624.0,Virginia,5347200
kyrunner,1625.0,"Lexington, Kentucky",5344770
dug611,1626.0,"Cleveland, Ohio",5344070
W2PIP,1627.0,"Buffalo, New York",5343645
DaytonaGTP,1628.0,"Orlando, Florida",5343640
SBlouch,1629.0,"San Antonio, Texas",5342880
MAB59,1630.0,"Omaha, Nebraska",5342840
Beazer,1631.0,Ontario,5342745
v240,1632.0,Pennsylvania,5342050
gatineau,1633.0,"Montreal, Quebec",5341680
Cliffisher,1634.0,Wisconsin,5341410
ILANGE9,1635.0,Illinois,5341175
Jets35,1636.0,"Boston, Massachusetts",5340815
moneyrole,1637.0,North Carolina,5340180
tommie1954,1638.0,"Phoenix, Arizona",5339495
esorsd,1639.0,"St. Louis, Missouri",5336590
TRC97 Man,1640.0,"Tampa, Florida",5335970
JimR,1641.0,Florida,5334205
EXTREMESNOW,1642.0,"Medford, Oregon",5331320
indcub,1643.0,"Indianapolis, Indiana",5330200
shiningknight15,1644.0,Ohio,5329345
dlr17,1645.0,"Twin Cities, Minnesota",5329340
Dotcat,1646.0,Ontario,5327765
THE GREAT O,1647.0,"Toronto, Ontario",5327175
hisxlnc,1648.0,New York,5325850
Drive_A_Hybrid,1649.0,"Chicago, Illinois",5323628
mark1962,1650.0,"Albany, New York",5323090
male,1651.0,"Calgary, Alberta",5321895
itzagasgasgas1,1652.0,"Cincinnati, Ohio",5321810
BazooQC,1653.0,"Montreal, Quebec",5320290
rumbleseat,1654.0,"Winnipeg, Manitoba",5319760
gamalerin,1655.0,"Tampa, Florida",5317965
Bearsded,1656.0,Ontario,5317795
shadrap65,1657.0,North Dakota,5317520
fire_at_53,1658.0,"Philadelphia, Pennsylvania",5316725
imlefty,1659.0,Maine,5315010
TheSnowstorm,1660.0,"Montreal, Quebec",5313635
RockwallAg99,1661.0,"Dallas, Texas",5312480
redeye53,1662.0,"Cincinnati, Ohio",5311150
time2bail,1663.0,Virginia,5306020
Mikeyl,1664.0,"Cleveland, Ohio",5304165
lgppa,1665.0,Pennsylvania,5303310
mnrick041,1666.0,"Twin Cities, Minnesota",5302415
nru,1667.0,"Twin Cities, Minnesota",5302250
jimbeaux53,1668.0,"Kansas City, Missouri",5302110
computersrme,1669.0,"Des Moines, Iowa",5301690
frankt66,1670.0,"Worcester, Massachusetts",5300920
StopNrob,1671.0,"Cincinnati, Ohio",5300055
14ACES,1672.0,"Virginia Beach, Virginia",5299940
ziyulu,1673.0,"Austin, Texas",5299675
WSpaceport,1674.0,California,5297510
YamaBlaster,1675.0,New Hampshire,5297135
iamforiu,1676.0,Indiana,5296740
Lum,1677.0,Ontario,5293845
58biscayne,1678.0,Indiana,5293205
BlueTDIWagon,1679.0,"Toronto, Ontario",5293150
packmule,1680.0,Pennsylvania,5292625
jbnc,1681.0,North Carolina,5292055
IUVidiot,1682.0,Indiana,5290860
jpk13,1683.0,Wisconsin,5288830
dondee118,1684.0,"Kansas City, Missouri",5288735
Hammers,1685.0,"Toronto, Ontario",5288445
hotair60,1686.0,"Columbia, South Carolina",5288100
RayLew,1687.0,"Trenton, New Jersey",5287840
Gearwrench,1688.0,"Grand Rapids, Michigan",5287120
3Lions,1689.0,Minnesota,5286970
qwerty17,1690.0,New Jersey,5286845
350diesel08,1691.0,"Detroit, Michigan",5285285
alaric76,1692.0,New Jersey,5284885
blschmidt,1693.0,"Kansas City, Missouri",5284380
bockslim,1694.0,Pennsylvania,5280685
rco3235,1695.0,"Mobile, Alabama",5280090
KnoxGasPriceSpy,1696.0,"Knoxville, Tennessee",5279745
LonghornBubba,1697.0,"Houston, Texas",5279160
TAP56,1698.0,"Dallas, Texas",5279115
kenmar25,1699.0,"Twin Cities, Minnesota",5278655
BossaRin,1700.0,Manitoba,5278325
NHLiveFree,1701.0,New Hampshire,5277690
SavingInNC,1702.0,North Carolina,5276527
DrCashFlow,1703.0,Massachusetts,5274640
erakman,1704.0,North Carolina,5274335
Pete72,1705.0,"Toledo, Ohio",5274100
hgatjens,1706.0,"Seattle, Washington",5273285
MstrKink,1707.0,"Winnipeg, Manitoba",5271265
juttuniemi,1708.0,"Albuquerque, New Mexico",5271075
dilbert3333,1709.0,New Jersey,5267480
BC Rebels,1710.0,Kentucky,5263430
fltdoc,1711.0,Oklahoma,5262425
AMD 64 3200,1712.0,British Columbia,5260540
64 Spud,1713.0,Illinois,5260240
grpa2,1714.0,Massachusetts,5259275
mikephoff,1715.0,"Cleveland, Ohio",5257585
beachnut,1716.0,Michigan,5257400
Tatalah,1717.0,"Riverside, California",5257140
weenerdog,1718.0,"Detroit, Michigan",5253960
cwbm,1719.0,Michigan,5253100
mshih,1720.0,"San Jose, California",5253045
ramsrod,1721.0,"Fresno, California",5252600
Bucksworth,1722.0,Ontario,5250795
matthwbar,1723.0,"Toledo, Ohio",5246100
Banzai2U,1724.0,"Salt Lake City, Utah",5243825
DrLyon,1725.0,Michigan,5242660
v8gazguzler,1726.0,"Ottawa, Ontario",5242105
Peebo,1727.0,"Baltimore, Maryland",5241045
pricechecker08,1728.0,Ohio,5240375
OHIO50,1729.0,"Denver, Colorado",5240325
calcuttawus,1730.0,"Chicago, Illinois",5239460
poohbear1,1731.0,Virginia,5238670
damp_yankee,1732.0,"Shreveport, Louisiana",5238330
Rick52,1733.0,"Milwaukee, Wisconsin",5238075
Cheepo,1734.0,"Tampa, Florida",5237800
Bubba44612,1735.0,Ohio,5236090
CaptSquid,1736.0,"Billings, Montana",5234740
lyledeck,1737.0,"Chicago, Illinois",5232392
LocalSpyGuy,1738.0,"Tampa, Florida",5231580
westover,1739.0,New Jersey,5231015
servegod,1740.0,"Grand Rapids, Michigan",5230550
Moe23,1741.0,"Cleveland, Ohio",5230350
Oldsdrivr,1742.0,Wisconsin,5229105
jksail,1743.0,New Hampshire,5225950
rudmanut,1744.0,"Salt Lake City, Utah",5225165
eardoctor,1745.0,Ohio,5224370
eagle_scout,,"St. Louis, Missouri",5224370
fritz57,1747.0,New Jersey,5223695
Wanda127,1748.0,Florida,5223665
bill8,1749.0,"Charleston, West Virginia",5223295
beerformyhorses,1750.0,"Baltimore, Maryland",5221365
carnut10,1751.0,"Cleveland, Ohio",5221005
emcmoney,1752.0,"Phoenix, Arizona",5220785
marbljk,1753.0,Alabama,5218305
tomknox2001,1754.0,"Milwaukee, Wisconsin",5216540
Whitlow,1755.0,"Dayton, Ohio",5216485
goodbuy,1756.0,Michigan,5215465
phatride92,1757.0,Kansas,5214850
mreiff,1758.0,"Louisville, Kentucky",5213670
magoo5,1759.0,Ontario,5212620
GASPHOXXE,1760.0,"Philadelphia, Pennsylvania",5209435
slowtrain,1761.0,Georgia,5209245
jjjleblanc,1762.0,"Rochester, New York",5205640
MaggieMae07,1763.0,South Dakota,5204030
wayneusd,1764.0,"Tucson, Arizona",5203241
robmar2,1765.0,"Virginia Beach, Virginia",5202200
stpetebp,1766.0,"Tampa, Florida",5194760
Buddy Champ,1767.0,"Toronto, Ontario",5194405
agojan,1768.0,"Calgary, Alberta",5192790
speedys,1769.0,Utah,5192605
arapaima,1770.0,Florida,5190770
bart_reed,1771.0,"Los Angeles, California",5190590
doeslayersr,1772.0,Illinois,5188980
RideTheCliche,1773.0,"Philadelphia, Pennsylvania",5188510
iwannavet,1774.0,"Kitchener-Waterloo, Ontario",5187595
bills299,1775.0,"Atlanta, Georgia",5186435
beaverkeeper,1776.0,"Hamilton, Ontario",5186245
cjanice,1777.0,"Mobile, Alabama",5185780
NUBY,1778.0,Ontario,5185575
Packrsbeatdabrs,1779.0,"Milwaukee, Wisconsin",5184045
sandipaws,1780.0,"Pittsburgh, Pennsylvania",5183135
raven21,1781.0,"Ventura, California",5182270
AFOS,1782.0,"Chicago, Illinois",5180330
gocatgo,1783.0,South Carolina,5179985
eightiesgod,1784.0,Ohio,5176418
TooPoor,1785.0,"Phoenix, Arizona",5175775
unclebull,1786.0,"Chicago, Illinois",5174310
RLPuttputt,1787.0,"Waco, Texas",5172405
cnbmis,1788.0,"Twin Cities, Minnesota",5171995
RivGasDude,1789.0,"Riverside, California",5171615
jennifng,1790.0,"Twin Cities, Minnesota",5171370
look-gas,1791.0,"Cleveland, Ohio",5171155
dlemma,1792.0,Wyoming,5170945
dstags18,1793.0,"Louisville, Kentucky",5170930
TNT2EC,1794.0,Wisconsin,5170270
oobloob,1795.0,"Baltimore, Maryland",5169455
sparkie951,1796.0,"Roanoke, Virginia",5169290
llooll,1797.0,Alabama,5168150
frankly,1798.0,"Springfield, Massachusetts",5167130
RNF,1799.0,Indiana,5165275
mike911,1800.0,"Detroit, Michigan",5164430
green_lantern,1801.0,New Jersey,5161290
FuelBarge,1802.0,"Long Island, New York",5160400
lancasterjim,1803.0,"Lancaster, Pennsylvania",5159540
wa2joc,1804.0,Pennsylvania,5158555
Medic55,1805.0,"Columbia, South Carolina",5158110
OKRifle,1806.0,"Oklahoma City, Oklahoma",5158100
lumpy69,1807.0,Ontario,5156590
jlw104,1808.0,"Oklahoma City, Oklahoma",5155850
59Stude,1809.0,"Dayton, Ohio",5155330
1007,1810.0,Michigan,5154880
FBI2991,1811.0,Michigan,5154595
GDubbs,1812.0,British Columbia,5153410
fruitpic,1813.0,"Evansville, Indiana",5153355
SBugbee,1814.0,New Hampshire,5153280
Geno397,1815.0,Rhode Island,5152085
HiHoSilver,1816.0,"Toronto, Ontario",5150925
mudshark57,1817.0,"Oakland, California",5149375
DaveC,1818.0,"Chicago, Illinois",5149115
ti3voom,1819.0,"Cincinnati, Ohio",5148740
mynt,1820.0,"Ottawa, Ontario",5147780
mightymoes,1821.0,"Boston, Massachusetts",5147270
SRT8TX,1822.0,"Dallas, Texas",5146835
HMCSDEVOY,1823.0,"Houston, Texas",5145950
toyrunner300,1824.0,"Calgary, Alberta",5145825
Gassed01,1825.0,"Toronto, Ontario",5144660
blueBMW480,1826.0,"Nashville, Tennessee",5144215
mightyace,1827.0,Tennessee,5143605
Leo III,1828.0,"Houston, Texas",5141800
Ticobird,1829.0,"Huntsville, Alabama",5140170
Ludington,1830.0,Michigan,5139610
ValueSearch,1831.0,"Virginia Beach, Virginia",5136400
neptune2008,1832.0,Michigan,5135570
Eyeman35,1833.0,California,5135355
Eddy200,1834.0,Wisconsin,5133960
riber1958,1835.0,"Toronto, Ontario",5130915
c47,1836.0,Virginia,5130270
BANKIS2,1837.0,"Phoenix, Arizona",5129030
RAKARWOWSKI,1838.0,"Chicago, Illinois",5128975
chris85am,1839.0,"Reading, Pennsylvania",5127475
BAJALRRP,1840.0,"Tacoma, Washington",5126705
datsundriver,1841.0,"Houston, Texas",5125320
Winoscientist,1842.0,Maryland,5124285
Badjef,1843.0,Florida,5123515
Costello,1844.0,South Dakota,5122350
Big Dan,1845.0,"Detroit, Michigan",5122240
rbrk02,1846.0,Rhode Island,5122080
BigDawg1,1847.0,"Denver, Colorado",5121095
1bigfoot,1848.0,Florida,5118730
Manwe,1849.0,Maryland,5118485
PenDoctrJD,1850.0,"Orange County, California",5118450
Animal2u,1851.0,"Phoenix, Arizona",5115405
rlNC,1852.0,"Greensboro, North Carolina",5115020
RetiredREMF,1853.0,South Carolina,5114075
MrNick,1854.0,"Virginia Beach, Virginia",5112675
RedRam2005,1855.0,"San Antonio, Texas",5112360
ncclyde,1856.0,New Hampshire,5109155
Rt118E,1857.0,Pennsylvania,5107315
rpr77,1858.0,"Philadelphia, Pennsylvania",5106870
RetiredD3,1859.0,"Los Angeles, California",5106665
jayka,1860.0,Kentucky,5106485
drmcarthur,1861.0,"Tallahassee, Florida",5106275
sljbc475,1862.0,"Tucson, Arizona",5105675
ma-bell,1863.0,Manitoba,5105540
hrhkevin,1864.0,Missouri,5104290
michaelphbarnet,1865.0,"Orange County, California",5103695
jeff95519,1866.0,California,5101810
RalphHightower,1867.0,South Carolina,5099825
WeasleyOC,1868.0,"Orange County, California",5099022
RC_RACER,1869.0,"Tacoma, Washington",5098775
foxopper,1870.0,Michigan,5098245
Panama19,1871.0,"Louisville, Kentucky",5097210
coach39,1872.0,"Pittsburgh, Pennsylvania",5097090
eye_slayer,1873.0,South Dakota,5096420
CheePio,1874.0,"Columbus, Ohio",5095865
champion6,1875.0,Illinois,5093975
99Truck,1876.0,Michigan,5092125
CooBrang,1877.0,"Los Angeles, California",5092055
cssco,1878.0,Virginia,5086250
paulp24,1879.0,"Harrisburg, Pennsylvania",5083435
Steve238,1880.0,"Raleigh, North Carolina",5082810
Gas Champ,1881.0,"Portland, Oregon",5082510
ddbp,1882.0,"Greensboro, North Carolina",5081315
fenderstrat,1883.0,"Grand Rapids, Michigan",5080520
hak7617,1884.0,"Cleveland, Ohio",5080415
quasar502,1885.0,"Lansing, Michigan",5080145
tutaw,1886.0,Kentucky,5079985
viperND,1887.0,"South Bend, Indiana",5079015
Byte_Doctor,1888.0,"Akron, Ohio",5078240
old_golfer,1889.0,"El Paso, Texas",5078025
jjelus45,1890.0,"Philadelphia, Pennsylvania",5077725
Gnusman53,1891.0,"San Diego, California",5077475
estroh,1892.0,Indiana,5076600
indycar3,1893.0,Illinois,5076350
swede,1894.0,"Cleveland, Ohio",5076200
dckmatrix,1895.0,"San Jose, California",5075425
TechGuy8,1896.0,"Calgary, Alberta",5075100
Canucktree,1897.0,Alberta,5074720
PTCruiserGT,1898.0,"Houston, Texas",5074595
1fuelish1,1899.0,"Charlotte, North Carolina",5074250
TOPRINGOLD,1900.0,"Tacoma, Washington",5073795
bbreff,1901.0,"Atlanta, Georgia",5072930
easmythcrna,1902.0,"Austin, Texas",5071990
iceeman99,1903.0,"Colorado Springs, Colorado",5070970
ras57,1904.0,Washington,5070915
Blu2uth,1905.0,"Oakland, California",5069970
Teslukbla,1906.0,Missouri,5069780
Cashless,1907.0,"Akron, Ohio",5068990
chubola,1908.0,"Austin, Texas",5068425
#1purple,1909.0,"Grand Rapids, Michigan",5067795
Case07,1910.0,Nova Scotia,5067180
kst8er,1911.0,"St. Louis, Missouri",5066135
RichWLIN,1912.0,Indiana,5066052
americanmade1,1913.0,"Tampa, Florida",5065970
RGF250,1914.0,Maryland,5063065
probedude2,1915.0,"Akron, Ohio",5062055
masfast1,1916.0,"Fresno, California",5061750
Bleeder,1917.0,Arizona,5060365
DELETE THIS,1918.0,"Toronto, Ontario",5058915
bondo,1919.0,"Twin Cities, Minnesota",5058745
BEngr,1920.0,Illinois,5058415
gascoNV,1921.0,Nevada,5058305
el_fr,1922.0,Massachusetts,5057730
radiorumor,1923.0,Texas,5057560
davenles,1924.0,Texas,5057385
chpsk8mi,1925.0,"Grand Rapids, Michigan",5055725
teamdist,1926.0,"Greensboro, North Carolina",5053760
Hawkman,1927.0,Oregon,5052585
Ssmith1070,1928.0,"Boston, Massachusetts",5052430
Grady Cat,1929.0,"Twin Cities, Minnesota",5052120
tribigdog,1930.0,"Tampa, Florida",5051300
silverfox63,1931.0,Michigan,5050885
mcmonsta,1932.0,"Honolulu, Hawaii",5049800
Millers37,1933.0,Michigan,5048800
munchkins_mom,1934.0,Pennsylvania,5048375
Shockjock1961,1935.0,Illinois,5047915
SUV2009,1936.0,"Orlando, Florida",5046645
dragonpup,1937.0,"Orange County, California",5046410
MOO,1938.0,"Cleveland, Ohio",5046065
Cordman,1939.0,Maine,5045816
nuracer,1940.0,"Fort Worth, Texas",5045630
festerpq,1941.0,New Jersey,5045525
ak4ron,1942.0,Alaska,5045400
mikesr100,1943.0,"Sacramento, California",5044895
Brillo8,1944.0,North Carolina,5044545
detfan,1945.0,"Tallahassee, Florida",5044345
JCS319,1946.0,"Tacoma, Washington",5043865
SmokeFan14,1947.0,"St. Louis, Missouri",5043490
e3p0,1948.0,"Phoenix, Arizona",5043360
oaktowner,1949.0,"San Francisco, California",5042675
RADIOCANADA499,1950.0,Ontario,5041035
TornadoChaser08,1951.0,Georgia,5040650
197casey,1952.0,"Calgary, Alberta",5039175
RobertSpratt,1953.0,"Virginia Beach, Virginia",5039145
Conquest3,1954.0,"St. Louis, Missouri",5038695
29ModelA,1955.0,"Knoxville, Tennessee",5038125
Mandrake,1956.0,Alabama,5038035
Bigboy1941,1957.0,"Virginia Beach, Virginia",5037200
roofrayser,1958.0,"Kansas City, Missouri",5036880
hpwr,1959.0,"Greensboro, North Carolina",5035835
amearly,1960.0,Michigan,5035035
EOA,1961.0,"London, Ontario",5034795
Ron77095,1962.0,"Houston, Texas",5034775
Newly2,1963.0,Texas,5033080
loranda,1964.0,Pennsylvania,5032615
RockCity,1965.0,"Denver, Colorado",5031870
flying ace,1966.0,"Chicago, Illinois",5030555
tigerwings,1967.0,"Detroit, Michigan",5030040
reid33,1968.0,"Toronto, Ontario",5030005
oldhillbillyAZ,1969.0,"Tucson, Arizona",5029260
hockeybabe25,1970.0,"Allentown, Pennsylvania",5029155
rgpiccone,1971.0,"Philadelphia, Pennsylvania",5028720
mopar1,1972.0,Florida,5027205
ans56,1973.0,Virginia,5026820
GoFlamesGo,1974.0,British Columbia,5026440
gaskappy,1975.0,Ontario,5025745
mkitajo,1976.0,Utah,5025050
going up,1977.0,"St. Louis, Missouri",5024020
Austin1850,1978.0,"Austin, Texas",5023567
lesndave,1979.0,Texas,5022955
legna_,1980.0,Florida,5021015
LuthierKS,1981.0,"Wichita, Kansas",5020580
armoredfrog,1982.0,New Hampshire,5019425
NoahsArk08,1983.0,"Toronto, Ontario",5018625
ramshot412,1984.0,"Riverside, California",5018485
maske_2222,1985.0,Manitoba,5018345
bru333,1986.0,North Carolina,5017945
supermodified,1987.0,Ontario,5017770
MrDmented,1988.0,"Calgary, Alberta",5017165
hipoiboy,1989.0,Hawaii,5016985
Tekkersmom57,1990.0,"Syracuse, New York",5016740
idigau22,1991.0,Washington,5016715
profc,1992.0,"Ventura, California",5016350
11Bushman,1993.0,Alabama,5015760
TheeRedRam,1994.0,"Orlando, Florida",5014845
akalurimd,1995.0,New Jersey,5014780
clermont40miles,1996.0,"Cincinnati, Ohio",5013850
DRCOOLBEANS,1997.0,"Des Moines, Iowa",5013800
sciotosix,1998.0,"Dayton, Ohio",5013525
KaeCee,1999.0,"Jacksonville, Florida",5010735
gastrader,2000.0,North Carolina,5010630
The Merz,2001.0,"Austin, Texas",5010340
CookieAcct,2002.0,"London, Ontario",5010130
2granny,2003.0,Michigan,5010100
Badmoon,2004.0,Massachusetts,5009395
always2bnaked,2005.0,"Sacramento, California",5008960
Pistonbroke,2006.0,Alberta,5008785
bridgerunner,2007.0,Virginia,5007710
52MPG,2008.0,"Dayton, Ohio",5007675
mitch439,2009.0,"Detroit, Michigan",5007545
TheCruiseGuy,2010.0,"Seattle, Washington",5007000
335d1,2011.0,Virginia,5006370
grapevine,2012.0,Tennessee,5005320
PuddinPal,2013.0,California,5005275
2ovrpar,,New Jersey,5005275
97PearlCat,2015.0,"Tulsa, Oklahoma",5004770
carman11,2016.0,North Carolina,5002050
yardslave,2017.0,"Oklahoma City, Oklahoma",5001845
korvet,2018.0,"Chicago, Illinois",5001270
TuanCanCook,2019.0,"Los Angeles, California",5000870
TravelinMan52,2020.0,"Augusta, Georgia",5000455
lowerpetroprice,2021.0,New Hampshire,5000230
brandi,2022.0,Wisconsin,5000060
Gasbert,2023.0,"Toronto, Ontario",5000050
RETIREMAN,2024.0,South Carolina,5000030
I75at7AM,2025.0,"Dayton, Ohio",5000010
tlschaus,2026.0,West Virginia,5000005
omahaguy,,"Omaha, Nebraska",5000005
lanore1,,Oregon,5000005
Gray Pilot,,"Baltimore, Maryland",5000005
PKdriver,2030.0,"San Diego, California",5000000
FLATULENT,,"Twin Cities, Minnesota",5000000
us412,2032.0,Arkansas,4999475
Teva,2033.0,Wisconsin,4998170
jrschl,2034.0,"Louisville, Kentucky",4998165
clpassenubye,2035.0,"Los Angeles, California",4997480
yankiefrankie,2036.0,"Atlanta, Georgia",4996670
joelimo,2037.0,Tennessee,4993260
NorthglennBill,2038.0,"Denver, Colorado",4990250
fillerupyeoww,2039.0,"Columbus, Ohio",4990180
DCS48,2040.0,South Carolina,4988940
obwong,2041.0,"Seattle, Washington",4988290
Philphan1,2042.0,Pennsylvania,4987675
blippo,2043.0,"Richmond, Virginia",4987455
poundsonwood,2044.0,"Los Angeles, California",4987255
bmct,2045.0,Massachusetts,4987070
tomcook18,2046.0,West Virginia,4985070
gordonfan05,2047.0,Georgia,4983410
dou3g,2048.0,"Stockton, California",4980620
rkt wgn,2049.0,"St. Louis, Missouri",4980540
zakdon,2050.0,"Buffalo, New York",4979545
Mizzer1,2051.0,"Worcester, Massachusetts",4978825
91_Metro_Man,2052.0,"Ventura, California",4977275
newdeli,2053.0,Maryland,4976400
jerej829,2054.0,"Memphis, Tennessee",4975450
pt88,2055.0,North Carolina,4975075
HTgreek,2056.0,"Akron, Ohio",4974615
91Explorer,2057.0,"Dallas, Texas",4973525
BRONXBOY127,2058.0,"Jacksonville, Florida",4973375
zebejjzzz,2059.0,British Columbia,4973100
TIGERPAW46,2060.0,Florida,4972930
bluetatanka,2061.0,"Philadelphia, Pennsylvania",4972900
Cataloger,2062.0,"Long Island, New York",4971450
gwennyk,2063.0,"Toronto, Ontario",4970190
WileE,2064.0,"Winnipeg, Manitoba",4969840
pper,2065.0,"Grand Rapids, Michigan",4968915
Watchdawg,2066.0,"Greenville, South Carolina",4968700
taylormpg,2067.0,"Syracuse, New York",4967940
jjbandit,2068.0,"Columbus, Ohio",4966990
snorterbill,2069.0,Texas,4965725
saver96,2070.0,"Sacramento, California",4965425
Terrapinone,2071.0,"Baltimore, Maryland",4965270
gvan,2072.0,"Chicago, Illinois",4965090
Janetique,2073.0,"Virginia Beach, Virginia",4964525
dieselfiendSC,2074.0,South Carolina,4964025
MLB2701,2075.0,"Medford, Oregon",4963215
Lasing,2076.0,"Colorado Springs, Colorado",4962390
jetskijerry,2077.0,North Carolina,4961335
evpark,2078.0,"Chicago, Illinois",4961305
jtfftj,2079.0,New Hampshire,4960025
sfcjohnnyj,2080.0,Georgia,4960020
z3dude,2081.0,Massachusetts,4957410
fenster66,2082.0,"Pittsburgh, Pennsylvania",4956625
Armchairracer,2083.0,Nova Scotia,4956400
bar1035,2084.0,"Charlotte, North Carolina",4955545
savegasON,2085.0,"Toronto, Ontario",4955225
02GrandPrix,2086.0,Ontario,4954900
JPMouse,2087.0,"Madison, Wisconsin",4954560
MBar351,2088.0,"Raleigh, North Carolina",4954100
imran78,2089.0,"Calgary, Alberta",4954000
66pony,2090.0,"Twin Cities, Minnesota",4953260
dudesweet,2091.0,"San Antonio, Texas",4953245
TEX59,2092.0,"Austin, Texas",4953065
SoberTom,2093.0,"San Diego, California",4952735
hoopshot,2094.0,Ontario,4952335
Notgreen,2095.0,Maryland,4952205
YANKEES78,2096.0,"Miami, Florida",4951645
KDAWGCA,2097.0,"San Diego, California",4951630
dopster,2098.0,"Toledo, Ohio",4950250
tribill,2099.0,"Twin Cities, Minnesota",4948935
Jim621,2100.0,"Cleveland, Ohio",4948555
vedubw,2101.0,Wisconsin,4948370
PhD,2102.0,Maryland,4946080
tco0102,2103.0,"Charleston, West Virginia",4945835
savannahoaks,2104.0,"Ocala, Florida",4945150
IMLURCH,2105.0,Minnesota,4945130
roush,2106.0,"Detroit, Michigan",4944155
Sparky19038,2107.0,"Philadelphia, Pennsylvania",4941015
kephar,2108.0,Utah,4939940
dabigez824,2109.0,"Greensboro, North Carolina",4939815
WinderGuy,2110.0,Georgia,4938930
Stickem,2111.0,Georgia,4938435
ocaaa,2112.0,"El Paso, Texas",4938205
MoneyLA,2113.0,"New Orleans, Louisiana",4937450
BobBG,2114.0,"Albany, New York",4936325
lross94,2115.0,"Lexington, Kentucky",4936040
swordtail51,2116.0,Texas,4935840
jci25946,2117.0,"Tampa, Florida",4933920
dwh724,2118.0,"Pittsburgh, Pennsylvania",4933250
ntass1,2119.0,"Edmonton, Alberta",4932080
red513,2120.0,"St. Louis, Missouri",4931780
LongPlay,2121.0,"Albuquerque, New Mexico",4931641
AA,2122.0,"San Diego, California",4931095
hooky,2123.0,Michigan,4931070
Irace66,2124.0,"Austin, Texas",4930945
cello111,2125.0,"London, Ontario",4930635
WaWanderer,2126.0,Washington,4930350
7SPEEDY7,2127.0,"Flint, Michigan",4929620
cheapchickKY,2128.0,"Lexington, Kentucky",4929590
april4,2129.0,"Virginia Beach, Virginia",4929435
dennis58,2130.0,Mississippi,4928410
ochmewa,2131.0,Florida,4928040
PusaKuting,2132.0,"Ottawa, Ontario",4927355
Dan24,2133.0,Illinois,4926010
th777,2134.0,South Dakota,4925770
200porter,2135.0,"Toronto, Ontario",4923335
old iron,2136.0,Minnesota,4923170
BurntOrange,2137.0,"Austin, Texas",4923110
hallows,2138.0,"St. Louis, Missouri",4922975
DoctorOH,2139.0,"Cleveland, Ohio",4921885
kuma2000,2140.0,"Honolulu, Hawaii",4921600
johntxx,2141.0,Texas,4920495
beneg2,2142.0,West Virginia,4920450
chuckwthompson,2143.0,"Charlotte, North Carolina",4920185
ECU-pirate,2144.0,North Carolina,4919105
Lynn D.,2145.0,"Chicago, Illinois",4915735
67SS396C,2146.0,"Omaha, Nebraska",4912865
JStory17,2147.0,"San Antonio, Texas",4909600
05FLHRI,2148.0,Ohio,4909365
hecimark,2149.0,"Gary, Indiana",4909340
Tim50,2150.0,"Detroit, Michigan",4908925
4freebird,2151.0,"Toronto, Ontario",4908280
dc1552,2152.0,"Virginia Beach, Virginia",4907900
jimraehl,2153.0,Utah,4907495
WEDDY,2154.0,"Phoenix, Arizona",4906120
Circutz,2155.0,"Detroit, Michigan",4905880
MountedShooter,2156.0,Georgia,4905095
CVA19,2157.0,"Salem, Oregon",4905075
peapaw,2158.0,Ohio,4904970
nautimile,2159.0,"Detroit, Michigan",4904820
biggeral,2160.0,"Hamilton, Ontario",4903485
Brewster06,2161.0,Connecticut,4902950
ltbombb,2162.0,Ohio,4902020
VJDutka,2163.0,New Jersey,4901325
panda317,2164.0,"Tampa, Florida",4900525
warlord1,2165.0,Georgia,4900360
Les7h,2166.0,Texas,4899705
zbear,2167.0,"San Jose, California",4899610
Ltdc,2168.0,"Long Island, New York",4899550
cott83,2169.0,Illinois,4899250
Bangor Jim,2170.0,Maine,4898375
TonyPSU,2171.0,"Cleveland, Ohio",4898140
PANHEADMITCH,2172.0,Louisiana,4897570
jmchamblis,2173.0,"Mobile, Alabama",4897140
UseLessGasFolks,2174.0,Iowa,4895800
Sidewinder,2175.0,Minnesota,4894730
alphanyr,2176.0,Connecticut,4894425
WhatthaF,2177.0,Arkansas,4894175
iqtrainer,2178.0,"Oklahoma City, Oklahoma",4894030
blitz4848,2179.0,Florida,4893420
TopSpeedAsian,2180.0,"Detroit, Michigan",4892875
Positive,2181.0,"Pittsburgh, Pennsylvania",4892615
morris53659,2182.0,"South Bend, Indiana",4891255
Thomtec,2183.0,"Nashville, Tennessee",4889705
techque,2184.0,"St. Louis, Missouri",4889465
altima2008,2185.0,"Philadelphia, Pennsylvania",4888890
Mtgreenwood,2186.0,"Chicago, Illinois",4887710
Helping Out,2187.0,"Fresno, California",4886945
MustangRacing,2188.0,Virginia,4886770
SnickersDog,2189.0,"Denver, Colorado",4886150
vw49,2190.0,Virginia,4885815
Caduceus26,2191.0,"Jacksonville, Florida",4885355
shores4now,2192.0,Kentucky,4885250
javaman98,2193.0,"San Antonio, Texas",4884530
gregjasper9912,2194.0,Maryland,4883705
Funkynassau,2195.0,Ontario,4883630
PrepHermit,2196.0,New Jersey,4883385
Judster,2197.0,"Pensacola, Florida",4883015
gmholler,2198.0,Louisiana,4882745
KJC4043,2199.0,New Jersey,4882395
Skid_Mark,2200.0,South Carolina,4881700
otherdave,2201.0,Indiana,4881240
rcohan2,2202.0,South Carolina,4880885
cheapertvs,2203.0,"Richmond, Virginia",4880395
viperahul,2204.0,"Oakland, California",4879230
pfone1847,2205.0,Illinois,4878710
Bassman413,2206.0,Washington,4877685
Countersound,2207.0,"Raleigh, North Carolina",4876070
Ledfut911,2208.0,West Virginia,4875070
thomas41546,2209.0,Tennessee,4874885
smarte1,2210.0,Illinois,4872745
lowpriceRCSD,2211.0,South Dakota,4872245
Skunk63,2212.0,"Phoenix, Arizona",4871800
bba,2213.0,"Cleveland, Ohio",4871390
Bandit20,2214.0,Ohio,4870925
Poliriboy,2215.0,"St. Louis, Missouri",4868525
WalRus49,2216.0,"Boston, Massachusetts",4868490
ronaldpall,2217.0,"Phoenix, Arizona",4868440
Kelowna635,2218.0,British Columbia,4867700
oldtrout03,2219.0,Nova Scotia,4867350
Mselainious,2220.0,"Detroit, Michigan",4865430
tnikodem,2221.0,"Grand Rapids, Michigan",4865260
YaBassa,2222.0,Michigan,4863500
MGMech,2223.0,"Orange County, California",4862810
regkit1,2224.0,Ontario,4862585
ecurb163,2225.0,"Detroit, Michigan",4860900
acvw74,2226.0,Missouri,4860210
KillChain,2227.0,"Albuquerque, New Mexico",4860065
Marson,2228.0,"Scranton, Pennsylvania",4858985
1GhettoWhipper,2229.0,"Indianapolis, Indiana",4858520
miatajim,2230.0,"Atlanta, Georgia",4858385
gal29,2231.0,Michigan,4856710
akmom,2232.0,Kentucky,4856340
Happytalk,2233.0,Pennsylvania,4853500
BennoBlue,2234.0,Virginia,4851330
2dancing,2235.0,"San Diego, California",4850655
vernonh,2236.0,"Dallas, Texas",4850565
face4radio,2237.0,Alaska,4850500
Lugene56,2238.0,"Tampa, Florida",4849215
BMWer,2239.0,"Calgary, Alberta",4848515
8RULES,2240.0,"Albany, New York",4848200
penguin45,2241.0,"Buffalo, New York",4847130
ajg5176,2242.0,"Atlanta, Georgia",4846590
IB2ChillE,2243.0,"Los Angeles, California",4845550
HEMIDakota,2244.0,Texas,4845535
vaca1959,2245.0,New York,4843415
lsb1955,2246.0,"Salt Lake City, Utah",4843090
cruisingtx,2247.0,"San Antonio, Texas",4842860
Ratso,2248.0,Ohio,4842720
PrinceLH,2249.0,Ontario,4840645
cmicvret,2250.0,Minnesota,4839825
BeemerBikerUT,2251.0,Utah,4838790
brewski,2252.0,Missouri,4838475
namzza6310,2253.0,"Milwaukee, Wisconsin",4837898
ECMM,2254.0,"Miami, Florida",4837855
fireless1,2255.0,"Atlanta, Georgia",4837575
beekeeper1,2256.0,Indiana,4837195
Brutus302,2257.0,Ohio,4835505
bvrbill,2258.0,"Eugene, Oregon",4833055
jay93LA,2259.0,"New Orleans, Louisiana",4833045
ajb53,2260.0,"Long Island, New York",4832545
tbb2,2261.0,South Carolina,4832105
ToolKing,2262.0,Missouri,4830255
barbc72,2263.0,Michigan,4830160
vetguy58,2264.0,New Jersey,4829835
sanDoone,2265.0,"Los Angeles, California",4825915
Beboper,2266.0,Virginia,4825890
larryhanson,2267.0,Mississippi,4824260
lrrifleman,2268.0,New Jersey,4824255
mrgeek,2269.0,"Twin Cities, Minnesota",4823510
MustangMissy,2270.0,"Fort Worth, Texas",4823385
miamimusic,2271.0,"Miami, Florida",4821280
pilotmass,2272.0,"Boston, Massachusetts",4820390
BumpinButch,2273.0,Texas,4819935
ripp88,2274.0,"Cleveland, Ohio",4819165
boznash,2275.0,"Nashville, Tennessee",4818115
RhodeThode,2276.0,Nebraska,4818090
majorben,2277.0,New York,4817410
jimbo1031,2278.0,"Phoenix, Arizona",4815940
adunbar,2279.0,Minnesota,4815175
ProfDude,2280.0,Illinois,4814890
Spike294,2281.0,South Carolina,4814575
davidvsgoliath,2282.0,"Long Island, New York",4814320
RAM314,2283.0,Michigan,4814285
Bed45E,2284.0,"Halifax, Nova Scotia",4812415
Nicanite,2285.0,"Flint, Michigan",4811845
tnfran,2286.0,Arizona,4811765
kleecurry,2287.0,Florida,4811050
dnwindy,2288.0,"Indianapolis, Indiana",4809800
robfrey,2289.0,"Lancaster, Pennsylvania",4809630
jbob357,2290.0,Iowa,4808215
Jorgie,2291.0,"Twin Cities, Minnesota",4806195
Guido4,2292.0,"Pensacola, Florida",4805720
Bob F,2293.0,South Carolina,4805600
DesertRat2011,2294.0,"Riverside, California",4803232
TudorPrince,2295.0,Pennsylvania,4803215
infinititom,2296.0,"Dallas, Texas",4803200
Jeepp,2297.0,"Boston, Massachusetts",4803050
LostOnNet,2298.0,New Jersey,4802400
tazone,2299.0,"Tulsa, Oklahoma",4801125
jammer44313,2300.0,"Akron, Ohio",4800880
ObieDog,2301.0,Maryland,4800370
wilt13,2302.0,"Orange County, California",4795260
keithyoon1977,2303.0,Virginia,4795070
mplato,2304.0,"Columbia, South Carolina",4793970
johnnyg1200,2305.0,"St. Louis, Missouri",4793795
paul237,2306.0,Missouri,4792105
hcivic,2307.0,Virginia,4792095
jetmech568,2308.0,Idaho,4790320
webwayne,2309.0,Indiana,4790295
Cheap27,2310.0,Michigan,4790125
OilerFan,2311.0,"Tulsa, Oklahoma",4787875
sc331mustang,2312.0,South Carolina,4787330
twinhauler,2313.0,Virginia,4786790
Valricoslash,2314.0,"Tampa, Florida",4786175
SteelPenny,2315.0,"Dallas, Texas",4786090
PhilMils,2316.0,Virginia,4785140
MBAcura,2317.0,"Orlando, Florida",4784690
daddyoON,2318.0,Ontario,4783295
pepinoNC,2319.0,"Raleigh, North Carolina",4782175
sdbaroon,2320.0,"Scranton, Pennsylvania",4782090
sillyputty,2321.0,"Phoenix, Arizona",4779905
SusanVette,2322.0,"Orlando, Florida",4779790
groncho,2323.0,"Appleton, Wisconsin",4778470
The_DR,2324.0,New Jersey,4775675
stratlinetime,2325.0,"Kalamazoo, Michigan",4774765
wark6,2326.0,Minnesota,4773535
CoastToCoast,2327.0,"Dayton, Ohio",4772805
Sam195,2328.0,"San Bernardino, California",4772080
escape,2329.0,"Detroit, Michigan",4771280
ri03844,2330.0,"Charlotte, North Carolina",4770935
Gas Today,2331.0,"Columbus, Ohio",4770280
pwoodhouse,2332.0,Arkansas,4767745
Sal-Novi,2333.0,"Detroit, Michigan",4767490
catfish99,2334.0,"Wilmington, Delaware",4767455
pghbill,2335.0,"Pittsburgh, Pennsylvania",4766760
2011370Z,2336.0,"Phoenix, Arizona",4766755
jarmitage,2337.0,Kansas,4766335
gws2980,2338.0,"Philadelphia, Pennsylvania",4765335
mlmeng,2339.0,Michigan,4764615
friday21,2340.0,"Toronto, Ontario",4763670
JCClark2012,2341.0,New Hampshire,4762825
runner74,2342.0,Washington,4762190
Woe,2343.0,"Twin Cities, Minnesota",4761725
GAS5,2344.0,"Long Island, New York",4761235
KO292,2345.0,"Twin Cities, Minnesota",4760680
patsy139,2346.0,"Atlanta, Georgia",4760395
driveonfume,2347.0,"Toronto, Ontario",4759830
MrBSU87,2348.0,"Fort Wayne, Indiana",4758443
agent0077,2349.0,Colorado,4758380
jsfb6pts,2350.0,Michigan,4756970
stlhawk,2351.0,"St. Louis, Missouri",4756855
Bones603,2352.0,"Rochester, New York",4756460
mrreferee,2353.0,"Savannah, Georgia",4755900
lgearl,2354.0,Ontario,4755585
kcar55,2355.0,Ohio,4754625
roadkingfl,2356.0,"Orange County, California",4753330
BEGTWO,2357.0,Maryland,4752470
CTRugby,2358.0,Connecticut,4752080
NightBoy,2359.0,"San Diego, California",4751800
Boilermat,2360.0,Indiana,4751180
DisMusBeDaPlaz,2361.0,"Tampa, Florida",4749835
shandie,2362.0,Kansas,4749100
cleancut,2363.0,Manitoba,4748910
GAWalv,2364.0,"Oklahoma City, Oklahoma",4748630
BCNU,2365.0,British Columbia,4748485
lnosnibor,2366.0,"Dayton, Ohio",4748350
lit4caster,2367.0,"Little Rock, Arkansas",4748155
leeac,2368.0,Ohio,4748070
DarwinTheDog,2369.0,"Phoenix, Arizona",4747470
Vstar53,2370.0,"Winnipeg, Manitoba",4746235
ace_dad43,,Kansas,4746235
TigerRose,2372.0,Illinois,4745535
papakoca,2373.0,Texas,4744750
ColoradoPapa,2374.0,Colorado,4744185
SuperDaveOsborn,2375.0,"Milwaukee, Wisconsin",4744005
Beechmi,2376.0,"Los Angeles, California",4743900
marcheld,2377.0,Maryland,4743275
VernonOR,2378.0,Oregon,4742350
beretta-bab,2379.0,Maine,4741485
metrojeep,2380.0,"Fort Worth, Texas",4740295
Cipherguy,2381.0,"St. Louis, Missouri",4740105
Don20,2382.0,"Oklahoma City, Oklahoma",4739860
prius22,2383.0,"Twin Cities, Minnesota",4739820
skysteve1,2384.0,"Victoria, British Columbia",4736690
planetmail,2385.0,"Calgary, Alberta",4736685
herbiepopnecker,2386.0,British Columbia,4735955
blah2blah3,2387.0,"Houston, Texas",4735600
donsram,2388.0,"Buffalo, New York",4734815
steffy628,2389.0,Pennsylvania,4734425
hyeglenn,2390.0,"Fresno, California",4733310
setnyre,2391.0,"Columbus, Ohio",4733175
sawdust1825,2392.0,Illinois,4732805
Rideyourbicycle,2393.0,Michigan,4732390
Versa808,2394.0,"Honolulu, Hawaii",4732260
Wierbe,2395.0,"Cincinnati, Ohio",4731920
wejsag,2396.0,"San Antonio, Texas",4731890
bushels,2397.0,"Twin Cities, Minnesota",4731680
DYSKYPILOT,2398.0,"Fort Worth, Texas",4729000
petroprince,2399.0,"Detroit, Michigan",4728230
souly,2400.0,"Montreal, Quebec",4727875
wrong POST,2401.0,"Toronto, Ontario",4726495
KatmanDo,2402.0,"Detroit, Michigan",4726410
bikerWI,2403.0,"Milwaukee, Wisconsin",4725390
TJW68,2404.0,"Twin Cities, Minnesota",4724950
bmsgolf,2405.0,"Amarillo, Texas",4724065
fbenda,2406.0,"Chicago, Illinois",4724060
Gasall1,2407.0,Georgia,4724000
deSaab,2408.0,"New Haven, Connecticut",4722945
spicyg,2409.0,"Phoenix, Arizona",4722695
passNgas,2410.0,"Twin Cities, Minnesota",4722150
MiniFan,2411.0,California,4720575
cdrrod,2412.0,Wisconsin,4719300
dallas11111,2413.0,"Honolulu, Hawaii",4719190
Thumper52,2414.0,New Brunswick,4718455
SAVEITIL,2415.0,"Chicago, Illinois",4718385
CDMAuto,2416.0,Connecticut,4717565
jimhlt,2417.0,"Kansas City, Missouri",4717420
isem,2418.0,Missouri,4717190
mullingspices,2419.0,"Honolulu, Hawaii",4715930
ftsgt,2420.0,Illinois,4715730
muchdutch,2421.0,Wisconsin,4714439
kzrooster,2422.0,"Kalamazoo, Michigan",4713995
Soglaos,2423.0,"Virginia Beach, Virginia",4713935
davisadm,2424.0,"Los Angeles, California",4713875
EMoe57,2425.0,"Jacksonville, Florida",4711395
LaMigra,2426.0,"Laredo, Texas",4711235
MINIWINI598,2427.0,Washington,4711050
oas,2428.0,Maryland,4710665
LuvMyPriusMN,2429.0,"Twin Cities, Minnesota",4709205
naspa,2430.0,"Cleveland, Ohio",4708025
Corgi_02,2431.0,"Grand Rapids, Michigan",4707925
bobt2382,2432.0,Texas,4707475
mawtaow,2433.0,"Boston, Massachusetts",4707450
TheOldMan25177,2434.0,"Charleston, West Virginia",4707395
Yooper58,2435.0,Michigan,4707365
willinh,2436.0,New Hampshire,4706165
Insuremn,2437.0,"Twin Cities, Minnesota",4705970
Cableman66,2438.0,North Carolina,4705550
mennekinpis,2439.0,New York,4704990
reidlej,2440.0,"Columbus, Ohio",4704230
buffy,2441.0,Saskatchewan,4702400
Camsue,2442.0,"Ventura, California",4702320
Banjoe,2443.0,"Winnipeg, Manitoba",4701930
Jim62,2444.0,"Rochester, New York",4700895
Ferdman17,2445.0,"Albany, New York",4700205
penumbra42,2446.0,"Miami, Florida",4700005
jacob5066,2447.0,"College Station, Texas",4699995
blue01NM,2448.0,"Albuquerque, New Mexico",4699280
piggyster,2449.0,"San Francisco, California",4698180
mediccoy,2450.0,North Carolina,4698145
oaks2004,2451.0,"Ventura, California",4697900
2005mustang,2452.0,"Cleveland, Ohio",4697320
Prov1322,2453.0,"Atlanta, Georgia",4696945
Bald1usa,2454.0,Washington DC,4696390
roxy_talen,2455.0,"San Antonio, Texas",4696375
labbie,2456.0,"Albuquerque, New Mexico",4696365
stauff,2457.0,"Chicago, Illinois",4694455
humblepie,2458.0,"Toledo, Ohio",4694370
nocturnalady,2459.0,"Cincinnati, Ohio",4693440
GoMath,2460.0,Colorado,4693105
TokyoEric,2461.0,"Austin, Texas",4692535
vmholladay,2462.0,"Reading, Pennsylvania",4692245
2parrots,2463.0,Massachusetts,4692220
TheRealDeal78,2464.0,"Bakersfield, California",4691000
Idrive2much08,2465.0,New Jersey,4690922
sschwrtz,2466.0,Wisconsin,4690550
BluWahoo,2467.0,"Pensacola, Florida",4690520
dranske,2468.0,"Miami, Florida",4690285
SpruceGuse2,2469.0,Michigan,4688940
tobin2010,2470.0,"Topeka, Kansas",4688880
blargolis,2471.0,"Riverside, California",4688525
valby,2472.0,Massachusetts,4688350
blubaugh,2473.0,Pennsylvania,4687285
99dakota,2474.0,"Providence, Rhode Island",4686025
TFowler513,2475.0,"Memphis, Tennessee",4685060
andy1024,2476.0,"Allentown, Pennsylvania",4684465
Pomonav10,2477.0,"Yakima, Washington",4684285
TxDaleJr88Fan,2478.0,"College Station, Texas",4682125
cnw 1690,2479.0,South Dakota,4681965
Gazas,2480.0,"Oakland, California",4681205
geocourt,2481.0,Illinois,4680920
BIGOILEATURCRUD,2482.0,North Carolina,4680760
24RaceFan,2483.0,Saskatchewan,4680580
fillme,2484.0,Missouri,4679305
Jkent1953,2485.0,"Salt Lake City, Utah",4679090
tlk0408,2486.0,"Raleigh, North Carolina",4678864
MrLefty0706,2487.0,"Chicago, Illinois",4678210
G_Leyden,2488.0,Alberta,4677655
GFJ,2489.0,Alabama,4676640
97Vette,2490.0,Georgia,4676435
Illini_Chief,2491.0,Illinois,4676290
toucan737,2492.0,Michigan,4676075
Fenrock68,2493.0,Ontario,4675785
tat7,2494.0,"Baltimore, Maryland",4675215
Joe-tx276,2495.0,Texas,4674910
stephen2155,2496.0,"Pensacola, Florida",4674900
bjm64,2497.0,"Toronto, Ontario",4674290
etothek,2498.0,Pennsylvania,4674280
jr2112,2499.0,"Kitchener-Waterloo, Ontario",4673820
BobbyBnTO,2500.0,"Toronto, Ontario",4673500
mapleleafs,2501.0,"Toronto, Ontario",4673390
PittSlovak,2502.0,"Pittsburgh, Pennsylvania",4673095
airving,2503.0,"London, Ontario",4672950
mister8tch,2504.0,"Richmond, Virginia",4672945
ExplorerWA,2505.0,Washington,4672860
scu227,2506.0,"New Haven, Connecticut",4672755
abacus44,2507.0,South Carolina,4672630
cream92,2508.0,Michigan,4671990
priceshopper,2509.0,"Dayton, Ohio",4668905
traindude,2510.0,"Virginia Beach, Virginia",4667960
fskrot,2511.0,"Rochester, New York",4667145
GNo1,2512.0,"Nashville, Tennessee",4666715
Hop1LA,2513.0,"Baton Rouge, Louisiana",4665775
rjhenn,2514.0,"Des Moines, Iowa",4665695
mbfd302,2515.0,"Miami, Florida",4665295
abk,2516.0,Utah,4665050
rrs517,2517.0,Colorado,4663955
igolfpdx,2518.0,"Portland, Oregon",4663935
VB_Richard,2519.0,"Virginia Beach, Virginia",4663595
ArboretumCop,2520.0,"Richmond, Virginia",4663160
evowner,2521.0,"Salem, Oregon",4662840
torpedorob,2522.0,"Baltimore, Maryland",4661905
bluecrv,,"Toronto, Ontario",4661905
NJJG,2524.0,Manitoba,4660615
WTLITNG,2525.0,Virginia,4659490
randyt58,2526.0,"Atlanta, Georgia",4657655
Tsunamiron,2527.0,"Jacksonville, Florida",4657500
zcolt45,2528.0,Michigan,4657485
JeffNStef,2529.0,Montana,4655680
RR52DE,2530.0,Delaware,4655135
Tahoe07,2531.0,"New York City, New York",4654930
fourdezzzz,2532.0,"Atlanta, Georgia",4653616
cheap59,2533.0,Michigan,4653020
BREW9,2534.0,"Tampa, Florida",4652660
jerryjanes,2535.0,Alabama,4651725
Suzzoom,2536.0,Nevada,4651485
findcheap,2537.0,"Los Angeles, California",4651425
kheckman,2538.0,Colorado,4651060
Dennis783,2539.0,"Des Moines, Iowa",4650745
GryphonX,2540.0,Nevada,4649825
NashSpy,2541.0,"Nashville, Tennessee",4649375
Pspeed,2542.0,"Baltimore, Maryland",4649045
banddaddy,2543.0,"Asheville, North Carolina",4648400
GooseMI,2544.0,"Grand Rapids, Michigan",4647795
mmcmmel,2545.0,Florida,4647425
Granger777,2546.0,Pennsylvania,4647305
isukatthis,2547.0,"Salt Lake City, Utah",4647270
XEX,2548.0,"Madison, Wisconsin",4646145
Snakeman88,2549.0,"Jacksonville, Florida",4645145
CocoPaz,2550.0,"Santa Barbara, California",4645055
QCREWZR,2551.0,Colorado,4644805
FPLREP,2552.0,Virginia,4643210
danthemanvan,2553.0,"Montgomery, Alabama",4643050
noonedwagfan,2554.0,"Dayton, Ohio",4643010
SkooterG,2555.0,"Phoenix, Arizona",4641924
dsaine,2556.0,North Carolina,4641120
mikespipe,2557.0,"New York City, New York",4640810
fightinillini,2558.0,Illinois,4639880
jjcomp77,2559.0,"Rochester, New York",4639825
Caragogo,2560.0,South Carolina,4639775
ikibaugh,2561.0,"Greensboro, North Carolina",4638275
letterchunker,2562.0,Texas,4638200
jhggasman,2563.0,Mississippi,4637915
GasSipper88,2564.0,"Calgary, Alberta",4637655
iceman92,2565.0,"Fargo, North Dakota",4637275
Retowered,2566.0,Colorado,4637265
HybridPete,2567.0,"Detroit, Michigan",4636810
nfldude,2568.0,"San Diego, California",4635270
Tapnitram,2569.0,Arkansas,4635025
GaSrt8,2570.0,Georgia,4634345
All_Wheelin,2571.0,"Twin Cities, Minnesota",4634065
mazdaboy,2572.0,"Portland, Oregon",4633385
jayceemi,2573.0,Michigan,4633325
redprius,2574.0,"Fort Worth, Texas",4633145
hibsaw,2575.0,Mississippi,4632690
OldDogZeroOne,2576.0,"Albany, New York",4632225
gas_mizer,2577.0,"Toronto, Ontario",4631700
pricewar,2578.0,"Ogden, Utah",4631580
Feud,2579.0,Ontario,4629940
okokok,2580.0,"Toronto, Ontario",4629640
47elmo,2581.0,North Carolina,4629090
DrSlowDriver,2582.0,Alabama,4628920
boborobot,2583.0,Michigan,4628710
Alex Keith,2584.0,"Toronto, Ontario",4628040
bluebob48,2585.0,Iowa,4627765
kuchta,2586.0,"St. Louis, Missouri",4627255
MaryAnn1227,2587.0,Pennsylvania,4627060
samsonov88,2588.0,Maine,4626780
daringdonna,2589.0,"Boise, Idaho",4626505
SqrKpf,2590.0,"Toronto, Ontario",4625840
ThunderX1,2591.0,"Los Angeles, California",4625800
ptlbizgroup,2592.0,Illinois,4625660
sdm6061,2593.0,"Orange County, California",4624910
Jim5,2594.0,"Detroit, Michigan",4624565
bowler360,2595.0,Illinois,4624475
ChuckW1,2596.0,"Long Island, New York",4624385
obimerrill,2597.0,"Cincinnati, Ohio",4624265
Darrell5159,2598.0,Indiana,4624080
makalani,2599.0,Hawaii,4623650
wilbur_gas,2600.0,"Los Angeles, California",4623210
ihuey99,2601.0,"Oakland, California",4622990
billybopWI,2602.0,Wisconsin,4622660
Bike74,2603.0,Illinois,4621895
lled,2604.0,Connecticut,4620760
FatherFred,2605.0,"Atlanta, Georgia",4620250
Yankee1979,2606.0,"Flint, Michigan",4619685
OutsideCat,2607.0,Maine,4618535
naiiawah,2608.0,"Boise, Idaho",4617850
markew1,2609.0,"Austin, Texas",4614845
moreloans,2610.0,"Grand Rapids, Michigan",4614150
djp071158,2611.0,"Detroit, Michigan",4614095
Harvolis,2612.0,Montana,4613735
speedy700,2613.0,New Jersey,4613625
Gozman,2614.0,"Quad Cities, Iowa",4612885
DJRIO,2615.0,"Miami, Florida",4612835
Bou,2616.0,Maine,4612455
Phoneman2010,2617.0,"Chicago, Illinois",4612290
MrWolfie56,2618.0,"Detroit, Michigan",4611430
firenrn,2619.0,"San Diego, California",4610970
wildcat659,2620.0,California,4610825
dj5,2621.0,"Columbus, Ohio",4610425
tigerfan2008,2622.0,South Carolina,4607205
MAftab,2623.0,Connecticut,4607100
67Vette,2624.0,Maine,4606995
Seekingone,2625.0,Florida,4606375
peteytheref,2626.0,Kentucky,4605925
ABCD1,2627.0,"Victoria, British Columbia",4605445
mincemeat26,2628.0,"Atlanta, Georgia",4605165
ghoag,2629.0,"Twin Cities, Minnesota",4604450
cub317484,2630.0,Indiana,4604355
mikerroy,2631.0,"Dallas, Texas",4604327
dodsworth,2632.0,"Salem, Oregon",4604155
Taxrefugee,2633.0,Arizona,4603545
teebone1234,2634.0,"San Francisco, California",4602630
kidroc,2635.0,Illinois,4602095
cronus36,,"London, Ontario",4602095
Coo,2637.0,Ohio,4602085
brprven,2638.0,"Dallas, Texas",4601785
LucsPapa,2639.0,New Brunswick,4600500
2BillC,2640.0,"St. Louis, Missouri",4600140
bski,2641.0,Maryland,4599980
csh7586,2642.0,"Wilmington, Delaware",4599655
cond,2643.0,Michigan,4597900
myambro,2644.0,"Sacramento, California",4597445
ml350MA,2645.0,Massachusetts,4596685
GatorGuy,2646.0,"Columbia, South Carolina",4596385
scootriteby,2647.0,Arkansas,4595370
jprice1951,2648.0,"San Antonio, Texas",4595365
gbs1,2649.0,Minnesota,4595200
Muskie49,2650.0,South Carolina,4594870
MImusicman,2651.0,Michigan,4594775
mohammed10,2652.0,"Gainesville, Florida",4594125
tomcatta,2653.0,"Kansas City, Missouri",4591800
RCFLYERDE,2654.0,Delaware,4591720
yukonjack,2655.0,Georgia,4590835
EASYRYDER,2656.0,"Cincinnati, Ohio",4590250
daceyf59,2657.0,Mississippi,4590115
icer06,2658.0,"Huntsville, Alabama",4590085
TwoEyes,2659.0,"New Haven, Connecticut",4589595
darmic1952,2660.0,Indiana,4588675
Bookman41,2661.0,Ontario,4588335
rbm3303,2662.0,Texas,4588090
CivicCub,2663.0,"Wilmington, Delaware",4587965
paneinthegas,2664.0,"London, Ontario",4587730
Mr1lung,2665.0,"Phoenix, Arizona",4587225
SPW1,2666.0,"Columbus, Ohio",4586715
don10,2667.0,North Carolina,4586650
bleifrei65,2668.0,"Cleveland, Ohio",4586560
JANDKT,2669.0,Mississippi,4586125
dogtaz1,2670.0,"Albany, New York",4584535
Manny14,2671.0,New Jersey,4583950
weddy11,2672.0,"Phoenix, Arizona",4583925
Grizzy227,2673.0,Pennsylvania,4583680
chocolate48114,2674.0,Michigan,4582505
swallen,2675.0,"Detroit, Michigan",4581840
Drill_It,2676.0,Michigan,4581545
OLDFART04,2677.0,Massachusetts,4580725
smoke2071,2678.0,Georgia,4579845
blitzntj,2679.0,"Jacksonville, Florida",4578835
scoobyru,2680.0,"Seattle, Washington",4578780
PENNYPINCHR,2681.0,"Twin Cities, Minnesota",4578285
WreckDiver59,2682.0,"Detroit, Michigan",4577240
CapNC,2683.0,North Carolina,4575550
SkyKing77,2684.0,"Fort Worth, Texas",4574430
joeborge,2685.0,"Ventura, California",4573055
jeperz,2686.0,Maine,4572425
Radar1992,2687.0,Florida,4572290
Bobmilan,2688.0,"Louisville, Kentucky",4571100
lovebarbie,2689.0,"Buffalo, New York",4568845
StephenOM,2690.0,"Ocala, Florida",4567665
johton,2691.0,"Seattle, Washington",4567590
zzzz8109,2692.0,Michigan,4566720
VonnaNY,2693.0,New York,4566525
Toyotatrollop,2694.0,"Baltimore, Maryland",4565425
FrisperCat,2695.0,"Anchorage, Alaska",4564975
gvmans,2696.0,"Pensacola, Florida",4564705
iron_city,2697.0,"Pittsburgh, Pennsylvania",4564270
AvantiMick,2698.0,Indiana,4564140
GDAE,2699.0,"Wichita, Kansas",4563685
chopper44,2700.0,Ontario,4563005
cathy_63,2701.0,"Baltimore, Maryland",4561725
howard,2702.0,"St. Louis, Missouri",4561370
bmcrobOH,2703.0,"Toledo, Ohio",4561305
DrSam46545,2704.0,"South Bend, Indiana",4560400
drobbbb,2705.0,Maryland,4560030
Mohesh,2706.0,"Toronto, Ontario",4560005
orphancarguyPE,2707.0,PEI,4559735
BoatBoy,2708.0,"Orange County, California",4559060
C.B.,2709.0,Ontario,4558935
Altima93,2710.0,"Honolulu, Hawaii",4558875
Gabydominguez85,2711.0,"Milwaukee, Wisconsin",4558535
dimsumkid,2712.0,"Chicago, Illinois",4555510
Cretired,2713.0,Louisiana,4555390
DNRSVP,2714.0,New Hampshire,4554905
Ranger106,2715.0,North Carolina,4554750
40niner,2716.0,"Winnipeg, Manitoba",4553415
BulletRC,2717.0,"Mobile, Alabama",4552795
sramroop,2718.0,"Birmingham, Alabama",4551480
don985,2719.0,"Denver, Colorado",4551265
SNOWMI,2720.0,Michigan,4550855
HungManCA,2721.0,"Los Angeles, California",4550800
afstud21,2722.0,"Tampa, Florida",4550765
MapDaddy,2723.0,Illinois,4550550
FarmHillBarb,2724.0,Florida,4547580
jorod55,2725.0,California,4547430
kslgas,2726.0,"Calgary, Alberta",4547180
mattiacci,2727.0,"Twin Cities, Minnesota",4546660
tarheelcoastie,2728.0,"Greensboro, North Carolina",4546455
Kath16,2729.0,Ohio,4545950
GSP163,2730.0,New Jersey,4545805
AcuraTSX,2731.0,Ohio,4545295
bbthegun,2732.0,"San Diego, California",4545000
SpeedyOne,2733.0,Minnesota,4544480
No1ConMan,2734.0,"Memphis, Tennessee",4544330
kozo62,2735.0,"Orange County, California",4543770
RUSHrocks,2736.0,"Allentown, Pennsylvania",4543405
N4PIP,2737.0,"Miami, Florida",4543395
jdr51,2738.0,Minnesota,4541585
dkgraph,2739.0,"Riverside, California",4540665
MissyLou9164,2740.0,British Columbia,4540285
snowsearch,2741.0,"Grand Rapids, Michigan",4538640
polpal,2742.0,"Spokane, Washington",4538410
gass12,2743.0,"Omaha, Nebraska",4538230
wroofer66,2744.0,Indiana,4538185
mwhbulldog,2745.0,"Lubbock, Texas",4537755
RDMAN,2746.0,Ontario,4536305
furiousfowl,2747.0,"Riverside, California",4536220
iphonejoe,2748.0,"Ottawa, Ontario",4536165
CamryCheapster,2749.0,Massachusetts,4535185
Olek135i,2750.0,"Chicago, Illinois",4535000
CTarp,2751.0,Texas,4534480
Camaro_Joe,2752.0,Delaware,4534217
SUNOIL,2753.0,"Toledo, Ohio",4534035
FBone,2754.0,New Jersey,4533740
bwatchingu,2755.0,Arkansas,4533000
ratboy1968,2756.0,"Montreal, Quebec",4531900
DCMJ1,2757.0,"Wilmington, Delaware",4531340
craigsfrank,2758.0,Arkansas,4530625
priznsara,2759.0,"Albuquerque, New Mexico",4529545
pooh-bear,2760.0,"Detroit, Michigan",4529310
g95110,2761.0,"San Jose, California",4529075
LuckyLou1,2762.0,Colorado,4529035
P H,2763.0,"Albany, New York",4529030
vespaboy,2764.0,Florida,4528100
fieldt,2765.0,"Lansing, Michigan",4527925
tigrr49,2766.0,"Chicago, Illinois",4526805
LC2468,2767.0,Louisiana,4526750
myphenix,2768.0,New Jersey,4526550
86agent,2769.0,Florida,4526345
ovillaone,2770.0,"Dallas, Texas",4526275
springer03,2771.0,"Raleigh, North Carolina",4525825
JJ1014,2772.0,Pennsylvania,4525615
h8hst,2773.0,Ontario,4525370
Oldman60,2774.0,"Little Rock, Arkansas",4524515
ChickMagnet,2775.0,Georgia,4524000
David H,2776.0,"Albany, New York",4522145
wilson222,2777.0,Ontario,4521580
rummenigge,2778.0,"Miami, Florida",4520390
Dirtypig,2779.0,"Barrie, Ontario",4520000
golftellowcat,2780.0,"Ottawa, Ontario",4519730
Tucsonhomes,2781.0,"Tucson, Arizona",4518815
skb69sa,2782.0,"San Antonio, Texas",4518300
NDQ,2783.0,Maryland,4518025
McMuffin,2784.0,Illinois,4517385
flnobody,2785.0,Florida,4517350
Manicmechanic,2786.0,"Tulsa, Oklahoma",4517055
Alpha_Pup,2787.0,"Twin Cities, Minnesota",4516915
Lovelee,2788.0,"Detroit, Michigan",4515930
jimstep,2789.0,Missouri,4515110
harleydoctor,2790.0,Kansas,4515060
brownielover,2791.0,Florida,4514950
RangerBob58,2792.0,"Dayton, Ohio",4514645
firecaptain491,2793.0,New York,4514580
SUSANCK,2794.0,"Chicago, Illinois",4514550
gaveatthepump,2795.0,"Houston, Texas",4514450
Coyote13,2796.0,"Phoenix, Arizona",4514265
Bigwaynef,2797.0,South Carolina,4513780
zippy3231,2798.0,"Jacksonville, Florida",4513335
skylax,2799.0,"San Jose, California",4513300
MadFueler,2800.0,"Winston-Salem, North Carolina",4513095
GeosGXP,2801.0,Ontario,4510300
harleydog01,2802.0,Michigan,4509725
panteraone,2803.0,Texas,4509310
frognbk,2804.0,Pennsylvania,4504465
skidsteer85xt,2805.0,Indiana,4504400
colbru,2806.0,"Toronto, Ontario",4503940
C_S_K,2807.0,"Peoria, Illinois",4503380
crreed1,2808.0,West Virginia,4502335
buckeyetony,2809.0,Ohio,4500695
jb107,2810.0,New Jersey,4500500
Mandasmommy,2811.0,Indiana,4500470
Donliberty,2812.0,New York,4497715
frmtfx,2813.0,"Richmond, Virginia",4497520
ldiggy,2814.0,"Wilmington, Delaware",4496475
Johnny907,2815.0,Alaska,4496455
Spidey9691,2816.0,"Kansas City, Missouri",4496320
nottbob20,2817.0,"Riverside, California",4495405
STEVOAB,2818.0,Alberta,4495355
ARTHURP,2819.0,"Lansing, Michigan",4495330
wmuldrow,2820.0,Missouri,4495210
dont99,2821.0,Michigan,4495130
nickless,2822.0,PEI,4494690
Nexstar,2823.0,Florida,4494590
MEBURT,2824.0,"Fresno, California",4494325
seeyardee,2825.0,"Sacramento, California",4494252
j02,2826.0,California,4493295
badbonita,2827.0,"Syracuse, New York",4493200
GasCker,2828.0,"Twin Cities, Minnesota",4492145
Pigeon007,2829.0,British Columbia,4491385
bpj13,2830.0,North Carolina,4491160
dalver,2831.0,"Cincinnati, Ohio",4489345
goletagiant,2832.0,"Santa Barbara, California",4489095
mm505,2833.0,"Atlanta, Georgia",4488775
Jcookster74,2834.0,"San Bernardino, California",4488730
vandriver2008,2835.0,"Pittsburgh, Pennsylvania",4488320
SavinOnFuel,2836.0,"Gary, Indiana",4487820
JJ128,2837.0,"San Jose, California",4487735
N9HVP,2838.0,Indiana,4486540
ih82work,2839.0,Maryland,4484845
ggwbike,2840.0,Montana,4484600
KeepEyesOpen,2841.0,"San Diego, California",4484515
mnav8tr,2842.0,"Twin Cities, Minnesota",4483375
juke1234,2843.0,New Jersey,4482900
pujtdr,2844.0,Virginia,4482695
mochababy70,2845.0,Nova Scotia,4482625
lowspeed,2846.0,"Akron, Ohio",4482580
kensubaru03,2847.0,Illinois,4481915
ricoblanco,2848.0,"Chicago, Illinois",4481155
roger1315,2849.0,North Carolina,4480565
CactusRoper,2850.0,"Phoenix, Arizona",4479720
gasie1,2851.0,Maine,4479075
gougenator,2852.0,"Dallas, Texas",4478925
MikeCapeCoral,2853.0,"Cape Coral, Florida",4477565
snell snail,2854.0,"Atlanta, Georgia",4477185
mastermariner,2855.0,Texas,4476990
Catc2011,2856.0,"Atlanta, Georgia",4476600
reincloude1964,2857.0,Kentucky,4476225
lemmings88,2858.0,"Scranton, Pennsylvania",4475775
lippoe_sokan,2859.0,"Provo, Utah",4475480
tml721,2860.0,"Columbus, Ohio",4474990
Bad_Petroleum,2861.0,"Miami, Florida",4474655
Sharonie,2862.0,"St. Louis, Missouri",4474205
PoohMcGoo,2863.0,Alabama,4473895
Methodist,2864.0,Indiana,4473405
MichaelPark,2865.0,"Riverside, California",4472840
EdW,2866.0,"Riverside, California",4472270
TXLARIMER,2867.0,"Fort Worth, Texas",4472200
mandoid,2868.0,Alabama,4472105
Rice_Burner,2869.0,Georgia,4471565
GasGuy66IN,2870.0,Indiana,4471280
PATroy,2871.0,"Pittsburgh, Pennsylvania",4471100
B52D,2872.0,"Oklahoma City, Oklahoma",4470925
tman70,2873.0,Georgia,4470740
McMalin,2874.0,"Philadelphia, Pennsylvania",4470700
rwb1921,2875.0,"Orange County, California",4470590
darkknight1,2876.0,"Winston-Salem, North Carolina",4470585
BackN82,2877.0,"Cincinnati, Ohio",4470545
JasTheAce,2878.0,"Raleigh, North Carolina",4470210
iFueler,2879.0,"Durham, North Carolina",4469575
jcpbigjohn,2880.0,"Toledo, Ohio",4468405
elcheapo2011,2881.0,Quebec,4468260
sandy40,2882.0,Nova Scotia,4467480
hunter86,2883.0,Kansas,4466795
sonic_cd33,2884.0,Illinois,4466580
smelser1123,,Nevada,4466580
ErinsDaddy,2886.0,Tennessee,4466425
bluesierra,2887.0,Tennessee,4466340
RinoandHailey,2888.0,Washington,4466125
WayneLin,2889.0,"Madison, Wisconsin",4466060
a14morfun,2890.0,Ontario,4466015
steve85257,2891.0,Arizona,4465870
bjdorval,2892.0,Quebec,4465155
SGLuz,2893.0,"Modesto, California",4464740
winks44,2894.0,Georgia,4463790
Tankless,2895.0,Ontario,4463360
oppdetcon,2896.0,"Ottawa, Ontario",4463235
Socalz,2897.0,"Orange County, California",4463230
OmahaGasGod,2898.0,"Omaha, Nebraska",4463095
wang91554,2899.0,"San Jose, California",4461630
wally52,2900.0,"Little Rock, Arkansas",4461615
CritterNanny,2901.0,Washington,4461525
AmynHH,2902.0,"Houston, Texas",4460755
dwbuddy,2903.0,"Fort Worth, Texas",4459480
cmptrmush,2904.0,"Detroit, Michigan",4459070
73_Vette_,2905.0,"Cleveland, Ohio",4459045
rapidrobt,2906.0,Connecticut,4458605
Pizzaslut,2907.0,"Baltimore, Maryland",4457230
SilverSuperDuty,2908.0,"Orlando, Florida",4457010
NGC4565,2909.0,"Reading, Pennsylvania",4455790
mjnj123,2910.0,New Jersey,4455380
q4blue,2911.0,Michigan,4455155
YumaKacz,2912.0,Arizona,4454720
Kataman,2913.0,"San Jose, California",4454375
egorbcc,2914.0,"Oklahoma City, Oklahoma",4452540
G_ler,2915.0,"Orlando, Florida",4449900
Hemiramrules,2916.0,"Milwaukee, Wisconsin",4447770
FocusFree,2917.0,"Ottawa, Ontario",4447730
xedes,2918.0,"Kitchener-Waterloo, Ontario",4446980
GustheCat2,2919.0,"Louisville, Kentucky",4445880
applepie2010,2920.0,"London, Ontario",4445245
bojiway1,2921.0,Minnesota,4444785
sarasotasingle,2922.0,"Sarasota, Florida",4444455
hogfan24,2923.0,Arkansas,4444100
Metrolizer,2924.0,"Fort Worth, Texas",4443495
Mitchsoc,2925.0,"Indianapolis, Indiana",4443480
m321,2926.0,Ontario,4443475
yakstar,2927.0,"Montreal, Quebec",4442150
rasmataz,2928.0,"Oklahoma City, Oklahoma",4441785
DSR,2929.0,Alberta,4441390
LSU_TIGERS_dmb,2930.0,Louisiana,4440795
58Harley,2931.0,"Waco, Texas",4440595
skins66,2932.0,"Colorado Springs, Colorado",4440275
Beankno,2933.0,"Lexington, Kentucky",4439725
katiejayWV,2934.0,West Virginia,4439080
hmcsretired07,2935.0,North Carolina,4439005
cobra7279,2936.0,"Cleveland, Ohio",4439000
74celica,2937.0,"Columbus, Ohio",4438510
LhasaApso,2938.0,"Hamilton, Ontario",4437450
FarmerMike,2939.0,"Allentown, Pennsylvania",4437116
Vim_Fuego,2940.0,Missouri,4436845
OnEmptyMO,2941.0,"St. Louis, Missouri",4436200
SnakeW,2942.0,North Carolina,4436045
PokeyGA,2943.0,Georgia,4435910
opster,2944.0,Oklahoma,4435075
1zz2,2945.0,Utah,4434350
undertaker666,2946.0,"San Antonio, Texas",4433125
licks64,2947.0,"Rochester, New York",4433115
mball3usa,2948.0,Virginia,4431660
Rich_pa,2949.0,"Cincinnati, Ohio",4431415
Vaquero,2950.0,Idaho,4430880
17AZ-F250,2951.0,"Tucson, Arizona",4429915
2smooth1970,2952.0,California,4429155
mrsports007,2953.0,"Raleigh, North Carolina",4429035
mpg611,2954.0,"Cleveland, Ohio",4428295
mandd824,2955.0,"Long Island, New York",4426330
whlr55,2956.0,Kentucky,4425825
dirtdog98,2957.0,Missouri,4425720
MOREDLEG,2958.0,Missouri,4425540
installer,2959.0,"San Diego, California",4424835
shivarr,2960.0,New Jersey,4424635
jklh88,2961.0,California,4423775
grwhit75,2962.0,"Dallas, Texas",4423625
olympusman2004,2963.0,Washington DC,4423425
falcons,2964.0,North Dakota,4423270
merlinCO,2965.0,Colorado,4423240
sticker_shock,2966.0,Ohio,4422775
Chey1954,2967.0,Wyoming,4422685
OKCSteve,2968.0,"Oklahoma City, Oklahoma",4422150
iBall100,2969.0,Virginia,4421895
Brian71,2970.0,Illinois,4421275
boatfloyd,2971.0,"Jacksonville, Florida",4421265
USMCturtlehead,2972.0,"Lexington, Kentucky",4420650
GearGuy,2973.0,"Detroit, Michigan",4420090
HRTrucklet,2974.0,Alberta,4420005
Ezstop00,2975.0,"Sacramento, California",4419560
idiotguy,2976.0,"Syracuse, New York",4419125
Grant463,2977.0,Mississippi,4418127
PathfinderSC,2978.0,South Carolina,4417915
geelkay,2979.0,"Baltimore, Maryland",4417565
ColonelK,2980.0,Virginia,4415195
torch7,2981.0,Indiana,4414355
RQCraig,2982.0,Texas,4413995
critic,2983.0,New Jersey,4413630
flintrock23,2984.0,"Charlotte, North Carolina",4413450
tobasco,2985.0,"Los Angeles, California",4413310
blaman,2986.0,"Phoenix, Arizona",4413080
mfeldstein,2987.0,"Ottawa, Ontario",4412035
PapaV59,2988.0,"Milwaukee, Wisconsin",4411680
wu4h,2989.0,"Atlanta, Georgia",4411005
gumbyrex,2990.0,"Fresno, California",4410605
phxman1111,2991.0,"Phoenix, Arizona",4409215
too_high,2992.0,Virginia,4409195
BlknGldMan63,2993.0,"Lancaster, Pennsylvania",4408450
YELLOWDOGLAS,2994.0,Virginia,4408349
PBJohn,2995.0,"Columbus, Ohio",4408145
PawsVette,2996.0,"Naples, Florida",4407550
dvsvets,2997.0,"Akron, Ohio",4407495
bigg_kuntry614,2998.0,North Carolina,4407040
CaptainAnhyzer,2999.0,"Albany, New York",4406060
GasGuzZ71,3000.0,Texas,4405985
